Id,GrLivArea,BedroomAbvGr,FullBath,HalfBath,BsmtFullBath,GarageArea,GarageCars,YearBuilt,YearRemodAdd,OverallQual,OverallCond,LotArea,TotalBsmtSF,Neighborhood,BldgType,SaleCondition,SalePrice
1,901,5,2,0,0.0,495.0,2,1979,1997,4,9,10893,1199.0,NAmes,TwnhsE,Normal,282518
2,3982,1,3,0,0.0,697.0,3,1988,2011,3,1,9926,2229.0,CollgCr,TwnhsI,Alloca,583119
3,3445,2,1,0,1.0,443.0,2,1932,1940,6,1,2840,267.0,NoRidge,1Fam,Abnorml,605910
4,2474,3,2,0,0.0,484.0,2,1943,1964,7,5,3698,2704.0,Mitchel,2FmCon,Alloca,405408
5,2448,4,3,0,0.0,,1,2016,2025,3,9,12512,1546.0,NAmes,1Fam,AdjLand,376594
6,4363,1,4,1,1.0,84.0,0,2004,2017,8,3,12029,1795.0,Veenker,Duplx,Abnorml,659877
7,886,3,1,0,0.0,294.0,1,1950,1969,7,7,11765,,ClearCr,Duplx,Partial,297731
8,3638,1,3,0,1.0,451.0,2,1929,1958,2,7,4393,1585.0,NoRidge,1Fam,Normal,639602
9,1406,4,1,0,1.0,52.0,0,1937,1953,10,2,10933,9.0,SawyerW,TwnhsE,Alloca,275516
10,923,4,1,0,1.0,56.0,0,1966,1987,1,3,2627,2670.0,NWAmes,1Fam,Abnorml,226755
11,2869,3,2,1,0.0,207.0,1,1969,1986,7,6,4166,2246.0,NoRidge,TwnhsE,Partial,627935
12,4890,2,4,0,0.0,685.0,3,1922,1934,5,5,10725,1363.0,Gilbert,TwnhsE,Normal,665396
13,3810,1,3,0,0.0,,2,1908,1935,7,3,12913,,ClearCr,TwnhsI,Partial,593315
14,3925,5,2,0,0.0,486.0,2,1960,1988,8,2,13624,,CollgCr,1Fam,Partial,656369
15,3728,4,1,1,1.0,411.0,2,1998,2007,7,6,19666,,Timber,TwnhsI,Abnorml,651037
16,4037,2,1,0,1.0,80.0,0,1918,1944,7,8,17301,161.0,SawyerW,Duplx,Family,464879
17,2809,3,1,0,0.0,236.0,1,1950,1963,9,4,8525,760.0,ClearCr,TwnhsI,Abnorml,473024
18,1076,4,1,1,0.0,81.0,0,1919,1941,8,9,15982,3.0,SawyerW,TwnhsE,Abnorml,276124
19,4278,4,1,1,0.0,699.0,3,1929,1944,9,7,3269,1719.0,StoneBr,TwnhsE,AdjLand,780373
20,2526,3,3,0,0.0,687.0,3,1975,1998,5,4,17358,1584.0,CollgCr,1Fam,Abnorml,502100
21,2751,2,1,0,1.0,291.0,1,1935,1961,3,7,8652,,Veenker,TwnhsE,Partial,408184
22,2168,4,1,1,0.0,211.0,1,1932,1944,3,5,15561,220.0,NAmes,Duplx,Alloca,314429
23,1321,4,2,0,0.0,232.0,1,2022,2043,7,7,19456,2754.0,CollgCr,TwnhsI,Normal,428610
24,4670,3,2,0,0.0,629.0,3,1921,1936,6,9,14509,2929.0,Gilbert,TwnhsE,AdjLand,670469
25,4017,1,2,1,1.0,251.0,1,1923,1946,1,8,18524,1771.0,NridgHt,1Fam,Normal,694989
26,3397,3,1,1,0.0,697.0,3,2014,2019,3,2,1687,16.0,Gilbert,TwnhsI,Normal,448671
27,2310,4,1,0,0.0,268.0,1,1967,1988,10,1,4655,1187.0,NridgHt,1Fam,Normal,574487
28,4202,5,2,1,1.0,454.0,2,1905,1922,8,8,13082,2154.0,Somerst,2FmCon,Normal,686426
29,2954,3,3,1,1.0,480.0,2,1952,1965,8,8,11500,2246.0,Timber,2FmCon,Partial,604480
30,2495,2,2,1,0.0,217.0,1,1969,1980,2,6,3728,,NoRidge,TwnhsI,Family,494944
31,2527,3,2,1,1.0,666.0,3,1931,1952,1,3,14789,2468.0,CollgCr,1Fam,Family,451451
32,1522,1,2,0,0.0,450.0,2,1967,1977,3,8,2585,2902.0,Timber,TwnhsI,Normal,377091
33,914,1,1,0,0.0,620.0,3,1979,1979,9,5,19829,1526.0,Crawfor,2FmCon,Family,394264
34,2995,4,1,0,1.0,664.0,3,1930,1958,6,3,4393,1144.0,NWAmes,TwnhsE,AdjLand,442140
35,4495,5,2,0,0.0,84.0,0,1999,2012,8,4,9741,1578.0,StoneBr,1Fam,AdjLand,776530
36,787,5,1,1,1.0,82.0,0,1955,1959,5,3,16730,81.0,Gilbert,2FmCon,Alloca,250296
37,4362,3,3,1,0.0,484.0,2,2018,2024,5,3,11009,1570.0,Veenker,TwnhsE,Partial,678656
38,4224,1,3,1,1.0,281.0,1,1910,1934,7,3,15261,80.0,Veenker,TwnhsE,Abnorml,577639
39,1745,5,2,0,0.0,246.0,1,1939,1948,10,7,14517,104.0,CollgCr,TwnhsI,AdjLand,405484
40,3342,3,2,0,1.0,4.0,0,1988,1996,5,1,19052,1660.0,Blmngtn,TwnhsI,Alloca,530994
41,1243,2,2,0,1.0,296.0,1,2010,2024,6,4,10083,1532.0,Blmngtn,Duplx,Alloca,303857
42,3911,5,3,1,1.0,245.0,1,1927,1927,10,2,19611,2960.0,StoneBr,2FmCon,Abnorml,800000
43,3652,4,3,0,0.0,263.0,1,2020,2036,4,6,11060,1523.0,CollgCr,2FmCon,Family,521418
44,2095,4,1,1,1.0,402.0,2,1923,1924,9,9,18025,2939.0,Timber,TwnhsI,Abnorml,532253
45,805,2,2,1,0.0,488.0,2,1951,1976,6,8,15053,,Veenker,TwnhsE,Alloca,386393
46,4868,5,1,0,1.0,288.0,1,1938,1950,9,3,3959,1011.0,NAmes,TwnhsI,Abnorml,551351
47,2505,3,2,1,1.0,92.0,0,1952,1958,5,5,13407,2778.0,NridgHt,Duplx,Normal,592843
48,4519,3,1,1,0.0,417.0,2,2010,2023,7,1,17750,1448.0,ClearCr,Duplx,Family,692648
49,3550,4,2,1,0.0,84.0,0,1990,1995,4,4,3874,1784.0,ClearCr,TwnhsI,AdjLand,482838
50,4002,4,2,0,1.0,262.0,1,1997,2006,7,3,17014,301.0,Timber,TwnhsE,Abnorml,647482
51,3919,1,2,0,1.0,214.0,1,1931,1934,4,5,3450,637.0,NWAmes,2FmCon,Normal,446028
52,1375,2,2,0,0.0,57.0,0,2016,2036,7,4,17615,1566.0,Crawfor,Duplx,Normal,401734
53,2137,2,3,1,0.0,247.0,1,1953,1982,8,7,16094,813.0,Gilbert,2FmCon,Abnorml,400457
54,2600,5,3,1,0.0,262.0,1,1980,1994,5,5,4306,1799.0,Somerst,TwnhsE,Family,480104
55,2740,4,1,0,1.0,608.0,3,1985,1987,5,9,14939,239.0,Mitchel,1Fam,Abnorml,400967
56,697,2,2,0,0.0,656.0,3,1981,1983,4,1,3660,753.0,Gilbert,TwnhsI,Normal,228099
57,2959,4,3,1,1.0,67.0,0,1974,1998,8,9,12008,1995.0,Veenker,TwnhsI,Family,585438
58,1194,4,2,1,0.0,471.0,2,1959,1969,6,8,18590,1836.0,NAmes,1Fam,Family,339780
59,3845,2,1,1,1.0,476.0,2,1979,1987,6,7,5310,2950.0,SawyerW,TwnhsE,Abnorml,528281
60,3573,3,3,1,0.0,262.0,1,2011,2014,1,8,4715,2699.0,CollgCr,1Fam,AdjLand,508657
61,4651,5,1,1,0.0,270.0,1,1947,1966,2,1,9323,,NoRidge,2FmCon,AdjLand,800000
62,3851,3,1,1,1.0,609.0,3,1962,1963,1,2,8319,2.0,CollgCr,2FmCon,AdjLand,467634
63,2149,1,3,1,1.0,279.0,1,1922,1949,9,1,2396,1807.0,Gilbert,Duplx,Abnorml,372358
64,4853,4,2,0,,36.0,0,1943,1949,9,8,9935,686.0,Somerst,TwnhsI,Alloca,665137
65,2348,3,3,0,0.0,254.0,1,1994,1996,1,4,6301,800.0,StoneBr,Duplx,Family,457715
66,1966,3,2,0,0.0,254.0,1,1978,1999,1,4,3802,629.0,CollgCr,2FmCon,Alloca,292074
67,4574,4,3,1,1.0,297.0,1,1925,1935,8,6,6606,1367.0,SawyerW,1Fam,Family,590162
68,2167,5,2,0,0.0,32.0,0,1967,1987,6,4,1881,371.0,Veenker,TwnhsI,Normal,388092
69,843,2,3,1,1.0,38.0,0,1999,2000,4,6,18428,1595.0,ClearCr,2FmCon,AdjLand,308183
70,2613,3,1,1,0.0,676.0,3,1915,1940,7,9,19890,498.0,NoRidge,Duplx,Family,622246
71,4080,1,1,0,1.0,63.0,0,1907,1916,3,3,8301,1501.0,Gilbert,1Fam,AdjLand,492283
72,1352,4,3,0,1.0,431.0,2,1948,1970,2,9,17718,1877.0,SawyerW,2FmCon,Family,372371
73,2583,3,3,0,0.0,434.0,2,1980,2008,4,5,10034,539.0,NWAmes,Duplx,Partial,398324
74,1084,2,4,1,0.0,482.0,2,1938,1954,9,4,18378,308.0,ClearCr,TwnhsI,Family,360352
75,3589,4,2,0,1.0,683.0,3,2000,2010,8,9,4702,2418.0,NoRidge,2FmCon,Family,798727
76,2640,3,1,0,0.0,14.0,0,2004,2013,2,5,6764,2215.0,Crawfor,Duplx,AdjLand,423924
77,1985,3,4,0,0.0,239.0,1,1965,1985,6,2,15186,784.0,NAmes,TwnhsI,Alloca,357623
78,1521,3,3,0,0.0,76.0,0,1946,1946,9,3,5571,2661.0,NridgHt,2FmCon,AdjLand,509455
79,3040,2,1,1,0.0,411.0,2,1905,1909,10,8,16735,663.0,Timber,2FmCon,Abnorml,583782
80,3514,1,3,1,0.0,418.0,2,2001,2020,8,5,9378,,SawyerW,1Fam,AdjLand,557284
81,4731,5,4,0,0.0,615.0,3,2010,2010,2,6,8972,339.0,CollgCr,TwnhsI,Family,646919
82,2467,1,1,1,0.0,252.0,1,1954,1962,3,7,9886,1980.0,StoneBr,1Fam,Normal,493872
83,1223,2,3,1,0.0,,0,1963,1982,3,2,16260,57.0,NoRidge,2FmCon,Abnorml,360887
84,4247,4,3,0,0.0,632.0,3,1992,1999,2,1,1603,592.0,ClearCr,1Fam,Partial,592691
85,3333,1,2,0,0.0,413.0,2,1985,2012,2,4,15387,1214.0,CollgCr,TwnhsE,Partial,473370
86,3651,4,3,1,1.0,663.0,3,1916,1945,4,9,15916,255.0,SawyerW,2FmCon,AdjLand,517702
87,937,4,1,1,0.0,280.0,1,1982,1983,6,2,16691,1370.0,Mitchel,TwnhsE,Partial,284919
88,1905,4,4,0,1.0,221.0,1,2013,2018,4,7,19938,,ClearCr,TwnhsE,AdjLand,426294
89,3955,2,4,0,1.0,266.0,1,1992,2019,5,9,15971,296.0,ClearCr,1Fam,Normal,561387
90,4245,1,4,1,1.0,479.0,2,1959,1959,3,1,11280,2885.0,Mitchel,2FmCon,Abnorml,538097
91,2458,5,3,1,1.0,55.0,0,1964,1978,2,2,10123,2945.0,NWAmes,1Fam,Alloca,418176
92,4121,2,1,0,0.0,657.0,3,1931,1959,10,8,8682,2887.0,Timber,1Fam,Partial,671496
93,4287,5,2,0,1.0,16.0,0,1981,1998,6,1,16802,,Gilbert,Duplx,Alloca,566327
94,2243,1,2,1,0.0,295.0,1,1929,1938,3,7,8765,1145.0,Gilbert,2FmCon,AdjLand,331953
95,4541,1,4,0,0.0,295.0,1,1942,1942,9,8,12093,982.0,Timber,1Fam,Abnorml,708385
96,1797,4,2,0,1.0,471.0,2,1932,1943,9,3,3277,977.0,NAmes,Duplx,Partial,350777
97,1578,5,2,1,0.0,490.0,2,1941,1957,10,3,7370,1249.0,Veenker,Duplx,Family,434955
98,3571,5,1,0,0.0,660.0,3,1945,1947,2,5,6423,1530.0,CollgCr,TwnhsI,Family,503475
99,3365,4,3,1,,666.0,3,1910,1925,7,5,9547,1455.0,Crawfor,TwnhsE,Normal,563438
100,1128,2,2,1,1.0,82.0,0,1988,2000,10,8,10789,,Gilbert,2FmCon,Alloca,341731
101,4247,5,1,0,1.0,3.0,0,1954,1963,9,6,14755,2939.0,Mitchel,Duplx,Partial,572426
102,1399,4,4,0,1.0,621.0,3,2016,2045,3,9,9489,2938.0,Somerst,1Fam,Normal,433807
103,4122,1,1,1,1.0,220.0,1,1922,1948,9,3,4281,993.0,Somerst,2FmCon,AdjLand,548431
104,533,1,1,0,0.0,63.0,0,1982,2002,5,3,11583,663.0,NWAmes,Duplx,Normal,171596
105,4085,5,1,1,0.0,624.0,3,1922,1939,5,3,2511,1598.0,NAmes,1Fam,Abnorml,498380
106,4041,2,2,0,0.0,439.0,2,1967,1981,6,6,17207,1107.0,Mitchel,TwnhsI,Alloca,535556
107,4011,4,1,1,0.0,49.0,0,1960,1962,8,1,15755,2961.0,NWAmes,Duplx,Alloca,605415
108,3491,1,3,0,,674.0,3,1955,1964,2,8,5666,1288.0,Gilbert,TwnhsE,Partial,491147
109,2622,2,2,0,1.0,451.0,2,1980,1980,6,7,6369,119.0,NWAmes,2FmCon,Alloca,432821
110,3673,2,2,1,1.0,402.0,2,2001,2011,9,9,2011,375.0,NAmes,TwnhsI,Family,465919
111,1747,2,1,0,1.0,668.0,3,1938,1952,6,9,8241,223.0,NoRidge,2FmCon,Partial,449682
112,4013,4,2,0,1.0,242.0,1,2004,2022,3,1,2207,1148.0,CollgCr,TwnhsI,Abnorml,507922
113,3000,5,1,1,0.0,211.0,1,1922,1932,1,7,18822,949.0,NoRidge,Duplx,AdjLand,601196
114,2565,5,4,1,0.0,465.0,2,1936,1943,6,5,3982,2570.0,CollgCr,TwnhsE,Normal,497599
115,2775,4,2,0,0.0,27.0,0,1938,1959,8,7,13698,2671.0,Somerst,2FmCon,Family,538910
116,3059,2,2,1,1.0,46.0,0,2017,2021,6,8,12053,421.0,Veenker,TwnhsI,Partial,480360
117,667,5,1,0,1.0,,3,1914,1917,10,6,5881,2833.0,Mitchel,1Fam,Alloca,328520
118,1129,3,1,0,0.0,23.0,0,1948,1968,7,1,16451,,Gilbert,1Fam,Alloca,315726
119,1604,3,1,0,0.0,488.0,2,1952,1969,6,8,3514,920.0,CollgCr,Duplx,Partial,332367
120,1015,4,1,1,0.0,246.0,1,1998,2024,1,4,17905,1219.0,Mitchel,TwnhsI,Family,243249
121,2478,4,3,1,0.0,93.0,0,1959,1981,6,5,15196,1324.0,NridgHt,TwnhsI,Alloca,607803
122,3507,5,4,0,1.0,484.0,2,2018,2045,2,6,13249,511.0,Blmngtn,TwnhsI,Family,556835
123,3444,3,4,1,1.0,683.0,3,1991,2010,8,9,17773,2602.0,StoneBr,Duplx,Normal,793606
124,2619,4,1,0,1.0,220.0,1,1986,2011,2,5,8958,37.0,Timber,TwnhsI,Partial,422222
125,4347,4,3,0,,79.0,0,1992,1997,10,2,6710,209.0,StoneBr,Duplx,Family,718394
126,3043,2,2,0,,36.0,0,1919,1934,4,7,4358,820.0,CollgCr,Duplx,Alloca,406758
127,856,2,1,1,1.0,,0,1955,1983,5,6,18600,430.0,Blmngtn,1Fam,Partial,213625
128,3942,4,1,0,0.0,,3,1972,1995,2,1,8926,185.0,NWAmes,TwnhsE,Normal,476504
129,3085,1,2,1,0.0,261.0,1,1925,1937,3,5,16843,1150.0,ClearCr,2FmCon,Abnorml,438452
130,3356,2,2,0,0.0,291.0,1,1914,1941,10,8,7649,1130.0,NAmes,1Fam,AdjLand,444207
131,3044,4,1,1,0.0,53.0,0,1916,1925,3,8,19167,376.0,Somerst,2FmCon,AdjLand,450684
132,2991,5,4,0,0.0,203.0,1,1997,1997,6,3,17595,2430.0,StoneBr,TwnhsE,Family,687977
133,907,3,3,0,0.0,687.0,3,1980,2003,10,5,7198,2647.0,NoRidge,2FmCon,Normal,551704
134,3016,2,2,1,0.0,253.0,1,1934,1946,7,8,10504,2159.0,NridgHt,2FmCon,Partial,636900
135,4077,3,4,1,1.0,404.0,2,1990,1991,1,6,16188,1566.0,ClearCr,2FmCon,Abnorml,627356
136,1867,4,4,1,1.0,6.0,0,1985,1991,4,4,5684,2842.0,ClearCr,Duplx,Family,423726
137,3212,3,4,0,1.0,72.0,0,2000,2002,4,2,1938,1051.0,SawyerW,TwnhsE,Normal,410057
138,638,1,1,1,0.0,492.0,2,2011,2040,3,1,6842,1281.0,NridgHt,TwnhsE,Abnorml,303475
139,2063,3,4,0,1.0,69.0,0,2008,2033,3,7,12425,45.0,Timber,1Fam,Abnorml,420392
140,2465,3,2,1,1.0,244.0,1,1922,1949,6,9,4024,2123.0,NAmes,2FmCon,Normal,383018
141,4922,4,3,1,0.0,230.0,1,1994,1999,4,6,7667,277.0,NoRidge,TwnhsE,AdjLand,800000
142,1465,5,4,1,0.0,41.0,0,1948,1972,3,8,18493,1996.0,ClearCr,2FmCon,AdjLand,382351
143,1744,5,1,1,1.0,432.0,2,1949,1965,5,7,2888,2347.0,StoneBr,1Fam,AdjLand,472822
144,2338,4,2,0,,627.0,3,1979,1987,4,4,2431,651.0,CollgCr,2FmCon,Family,397728
145,4966,2,1,0,0.0,12.0,0,1974,1994,3,5,9341,1836.0,NAmes,TwnhsE,Partial,492695
146,4340,3,1,1,,656.0,3,1951,1979,5,3,1737,910.0,Timber,TwnhsE,Abnorml,607992
147,656,1,2,0,0.0,421.0,2,2022,2035,10,3,2014,1194.0,Somerst,1Fam,Partial,339042
148,1552,5,3,0,0.0,,2,1921,1921,6,6,4885,1589.0,ClearCr,TwnhsE,Alloca,383004
149,4197,5,4,1,0.0,27.0,0,1911,1936,6,6,3391,748.0,NWAmes,1Fam,AdjLand,520683
150,762,5,2,1,1.0,679.0,3,1903,1908,10,9,16501,2389.0,NAmes,TwnhsE,Abnorml,351202
151,4350,2,2,1,0.0,57.0,0,2000,2005,7,3,3770,1183.0,NridgHt,Duplx,Alloca,765737
152,1766,2,2,1,1.0,649.0,3,1950,1968,3,3,11184,1385.0,Crawfor,1Fam,Alloca,374561
153,4629,5,4,1,0.0,459.0,2,1953,1976,4,2,14547,2444.0,NWAmes,2FmCon,Abnorml,667069
154,1821,3,4,0,1.0,256.0,1,1979,2002,5,9,13078,683.0,NoRidge,TwnhsI,AdjLand,510229
155,2454,4,1,1,1.0,49.0,0,1953,1979,5,8,13596,1356.0,SawyerW,Duplx,AdjLand,379248
156,3478,3,1,1,0.0,,2,1970,1996,2,3,8118,2980.0,Timber,TwnhsE,Abnorml,572500
157,1068,3,3,1,0.0,73.0,0,1907,1910,2,9,17943,1199.0,Crawfor,TwnhsE,Normal,263261
158,3006,4,2,1,1.0,418.0,2,1919,1928,4,7,2770,346.0,NAmes,1Fam,Alloca,363877
159,2772,5,1,0,0.0,681.0,3,2014,2035,10,5,3485,853.0,Blmngtn,TwnhsI,AdjLand,520372
160,4027,2,1,1,,217.0,1,1955,1966,8,4,17338,2867.0,NAmes,2FmCon,Alloca,532084
161,4982,5,2,1,0.0,,0,1920,1941,9,6,2764,2277.0,Blmngtn,TwnhsE,Partial,648258
162,3489,2,2,0,0.0,42.0,0,1945,1958,2,1,5050,2427.0,Timber,Duplx,AdjLand,515190
163,2341,3,2,1,0.0,39.0,0,1941,1954,5,2,4703,760.0,Gilbert,Duplx,Family,337991
164,2328,5,1,1,1.0,78.0,0,1933,1933,6,9,2111,,Blmngtn,2FmCon,Abnorml,416087
165,2380,5,3,0,0.0,69.0,0,1936,1954,5,2,3664,1180.0,Veenker,TwnhsI,AdjLand,431356
166,4163,5,3,1,1.0,405.0,2,1989,2014,5,2,12095,2384.0,NridgHt,1Fam,Normal,800000
167,1945,2,2,0,0.0,249.0,1,1913,1937,4,8,13732,2642.0,Blmngtn,TwnhsI,Normal,352343
168,1251,5,1,0,1.0,679.0,3,1938,1948,1,9,3040,624.0,CollgCr,2FmCon,Family,262650
169,2004,5,2,1,1.0,673.0,3,1957,1977,9,8,18934,2815.0,NWAmes,TwnhsI,Normal,511370
170,602,5,3,1,1.0,650.0,3,1966,1971,10,1,3271,1897.0,NridgHt,1Fam,AdjLand,496790
171,977,1,2,0,0.0,461.0,2,2008,2027,1,8,14209,2192.0,CollgCr,1Fam,AdjLand,306190
172,905,4,1,0,1.0,256.0,1,2013,2025,5,3,16306,,SawyerW,1Fam,Alloca,337085
173,3971,5,2,1,1.0,623.0,3,1936,1963,6,1,11134,505.0,Mitchel,Duplx,AdjLand,505809
174,3750,4,2,1,,56.0,0,1966,1987,8,9,10594,2237.0,NAmes,2FmCon,Alloca,504147
175,3635,2,2,0,,267.0,1,1902,1904,10,3,3517,638.0,Timber,Duplx,Family,572574
176,2578,4,2,0,1.0,205.0,1,1975,2001,5,6,5967,814.0,StoneBr,TwnhsI,Alloca,503785
177,3726,1,2,0,0.0,469.0,2,1918,1939,8,1,17235,349.0,CollgCr,1Fam,Alloca,551818
178,1225,3,3,0,1.0,424.0,2,1909,1915,10,2,7949,543.0,ClearCr,Duplx,Normal,374638
179,4552,4,2,0,0.0,600.0,3,1982,1990,9,8,2137,2936.0,Timber,TwnhsE,Abnorml,775364
180,2754,3,2,0,,,3,1921,1926,3,6,14990,984.0,NridgHt,Duplx,Partial,582357
181,4721,4,3,1,1.0,238.0,1,1958,1967,9,9,14147,1161.0,StoneBr,TwnhsI,AdjLand,800000
182,1185,2,2,1,1.0,641.0,3,1912,1940,5,2,2727,1439.0,Somerst,TwnhsE,Alloca,337725
183,2737,4,1,0,0.0,62.0,0,1991,2018,1,9,2444,2138.0,NWAmes,1Fam,Alloca,377628
184,3633,4,3,1,1.0,656.0,3,1994,2010,8,8,3654,1721.0,NoRidge,Duplx,Normal,800000
185,2730,4,1,1,0.0,62.0,0,1970,1980,9,9,2441,1608.0,NridgHt,2FmCon,Abnorml,575392
186,2507,2,3,0,0.0,694.0,3,2002,2012,4,1,12900,2510.0,Timber,1Fam,Normal,545007
187,1247,2,1,1,1.0,265.0,1,1953,1981,5,1,3953,1487.0,Mitchel,TwnhsI,AdjLand,256926
188,2214,2,1,0,1.0,604.0,3,1922,1927,4,5,12728,2307.0,NAmes,2FmCon,AdjLand,377753
189,1574,3,1,1,0.0,22.0,0,1918,1940,2,2,4758,2732.0,ClearCr,1Fam,Normal,310296
190,1856,3,4,1,1.0,244.0,1,1926,1955,10,1,19490,2028.0,NoRidge,2FmCon,Family,628878
191,3576,2,2,1,0.0,,3,1924,1949,1,8,14929,105.0,NoRidge,TwnhsI,Abnorml,615703
192,3336,3,2,0,1.0,36.0,0,1939,1960,6,7,8429,790.0,SawyerW,Duplx,AdjLand,430084
193,3232,2,3,1,1.0,,1,1926,1952,1,8,9431,1853.0,ClearCr,TwnhsI,Alloca,440317
194,2128,2,1,0,1.0,10.0,0,1972,1978,7,9,2703,1436.0,NridgHt,Duplx,Normal,459620
195,4818,4,2,0,0.0,214.0,1,1918,1947,10,2,2515,854.0,SawyerW,1Fam,Family,581633
196,894,5,2,1,0.0,295.0,1,1976,1978,7,8,11444,1006.0,Crawfor,2FmCon,Family,339969
197,2041,2,2,0,0.0,439.0,2,1941,1941,7,1,1921,235.0,Somerst,1Fam,Family,403773
198,1031,5,1,0,1.0,296.0,1,1984,1989,9,4,13309,704.0,ClearCr,Duplx,Normal,321198
199,2025,3,4,1,1.0,33.0,0,1963,1981,10,3,8575,2348.0,Timber,2FmCon,Partial,540387
200,4828,1,1,1,1.0,31.0,0,2011,2018,9,3,4082,30.0,Mitchel,TwnhsI,Abnorml,523432
201,2148,2,3,0,0.0,648.0,3,1954,1973,3,7,11410,2510.0,NWAmes,2FmCon,Partial,418999
202,4588,1,3,0,1.0,694.0,3,1936,1939,6,2,11727,1018.0,StoneBr,2FmCon,Family,765291
203,2727,1,2,0,1.0,56.0,0,1972,1992,9,8,15306,2423.0,NWAmes,TwnhsI,Alloca,484906
204,3648,2,1,1,0.0,3.0,0,1981,1987,3,8,5158,768.0,StoneBr,Duplx,Alloca,550439
205,2558,3,2,0,0.0,27.0,0,1954,1969,7,6,11626,2486.0,ClearCr,1Fam,Partial,474379
206,1696,4,3,1,0.0,698.0,3,1968,1971,1,1,17127,,NWAmes,Duplx,Family,351524
207,3939,1,4,0,0.0,415.0,2,1957,1986,9,6,6494,2554.0,NoRidge,2FmCon,Family,800000
208,4861,5,4,0,1.0,683.0,3,1937,1948,7,6,16950,186.0,Gilbert,TwnhsE,Alloca,687404
209,1685,2,1,0,1.0,292.0,1,1938,1956,8,4,14882,2392.0,Timber,Duplx,Alloca,437413
210,4004,1,3,1,,421.0,2,2011,2025,9,4,9448,811.0,Gilbert,TwnhsE,AdjLand,598700
211,1675,4,1,0,1.0,55.0,0,1983,2000,3,5,17839,1076.0,Crawfor,TwnhsI,Normal,364295
212,3726,4,3,1,0.0,459.0,2,1911,1924,5,9,19384,134.0,NoRidge,TwnhsE,Abnorml,722504
213,4050,4,2,0,1.0,479.0,2,2018,2020,9,1,5881,2862.0,NWAmes,2FmCon,Alloca,648687
214,2522,1,3,1,1.0,279.0,1,1987,2011,2,5,19625,1924.0,Timber,2FmCon,Abnorml,483848
215,3816,1,3,0,1.0,406.0,2,1906,1925,9,3,1544,2942.0,NAmes,Duplx,Abnorml,512151
216,1725,2,4,0,1.0,431.0,2,1989,1996,3,5,3891,1704.0,SawyerW,Duplx,Family,340374
217,856,3,2,0,1.0,294.0,1,1972,1974,6,1,2298,474.0,StoneBr,2FmCon,Partial,319669
218,933,5,2,0,1.0,35.0,0,2012,2038,6,9,8302,1012.0,Blmngtn,TwnhsI,Family,254460
219,2511,2,2,0,0.0,24.0,0,1960,1969,7,5,18834,1319.0,Somerst,TwnhsI,Abnorml,469415
220,4561,1,1,1,1.0,662.0,3,1963,1990,9,9,12605,442.0,Blmngtn,2FmCon,Partial,596205
221,1074,5,1,1,1.0,219.0,1,1938,1960,4,2,12906,2794.0,CollgCr,TwnhsE,Partial,355453
222,2550,1,2,0,1.0,214.0,1,1939,1967,2,6,3069,2873.0,Veenker,TwnhsI,Partial,450695
223,3668,1,3,0,0.0,479.0,2,1976,1995,5,7,11048,1690.0,Blmngtn,1Fam,Partial,554497
224,1410,3,2,0,0.0,211.0,1,2001,2006,7,8,8579,,Timber,2FmCon,Abnorml,405086
225,3747,3,3,1,1.0,289.0,1,2009,2010,8,1,10369,2110.0,Mitchel,TwnhsE,Alloca,532846
226,1876,4,1,0,1.0,424.0,2,1994,2001,8,6,6331,2037.0,NAmes,Duplx,Abnorml,368868
227,4138,5,2,0,1.0,410.0,2,1975,1988,4,2,5229,188.0,StoneBr,TwnhsE,Partial,713410
228,3106,5,3,1,1.0,474.0,2,1961,1979,10,4,19112,1594.0,Gilbert,Duplx,Family,569964
229,2961,2,2,0,1.0,17.0,0,1941,1967,1,1,11830,2331.0,Mitchel,1Fam,Partial,343161
230,1295,5,1,0,1.0,236.0,1,1994,1998,2,1,9114,2419.0,NridgHt,Duplx,Normal,439112
231,2584,4,1,0,1.0,235.0,1,1939,1958,1,7,2865,1788.0,NWAmes,Duplx,Normal,370620
232,4354,1,4,0,0.0,450.0,2,1932,1934,10,7,15609,2689.0,NAmes,TwnhsI,Partial,634325
233,587,5,3,0,1.0,47.0,0,2006,2020,2,9,10242,1758.0,Timber,1Fam,AdjLand,307263
234,3913,1,1,1,0.0,19.0,0,1972,1974,7,7,8654,1148.0,CollgCr,1Fam,Family,535689
235,2717,3,1,1,1.0,623.0,3,1943,1954,9,6,13838,1327.0,NWAmes,1Fam,Normal,483711
236,3737,4,1,0,1.0,419.0,2,2006,2024,8,2,3938,2070.0,Somerst,Duplx,AdjLand,577655
237,3484,2,4,1,1.0,605.0,3,2018,2040,10,7,11364,2659.0,Timber,TwnhsI,Abnorml,719715
238,2444,2,1,0,1.0,265.0,1,1939,1963,1,3,17468,689.0,Somerst,TwnhsE,Partial,381936
239,1889,3,3,0,,647.0,3,1964,1979,5,1,10083,880.0,Somerst,TwnhsI,Partial,424075
240,3322,5,1,0,,,1,1959,1966,6,7,1507,1955.0,Gilbert,TwnhsI,Abnorml,481575
241,1131,2,2,1,1.0,433.0,2,1986,2013,7,6,5753,2290.0,Somerst,TwnhsE,Normal,352244
242,3128,4,1,0,1.0,66.0,0,2016,2044,7,2,2534,1197.0,Somerst,TwnhsE,Normal,479531
243,926,3,3,1,0.0,628.0,3,1967,1996,6,5,10753,1929.0,NAmes,2FmCon,AdjLand,347094
244,3424,1,1,1,1.0,240.0,1,1998,2021,4,7,8241,20.0,CollgCr,TwnhsI,Abnorml,461578
245,3329,4,2,0,0.0,674.0,3,1973,1996,2,5,3949,875.0,Mitchel,TwnhsE,Abnorml,425108
246,879,5,1,0,0.0,267.0,1,2009,2011,5,7,14207,2866.0,Gilbert,TwnhsI,Normal,350984
247,3908,3,1,0,1.0,670.0,3,1949,1966,3,5,4767,1729.0,Mitchel,TwnhsI,Normal,466072
248,2371,1,1,1,1.0,238.0,1,1947,1959,6,4,7821,2605.0,StoneBr,2FmCon,Normal,532167
249,4040,1,4,0,1.0,48.0,0,1951,1958,8,3,19772,652.0,NAmes,1Fam,Partial,539536
250,687,3,2,0,1.0,84.0,0,2022,2024,6,3,2726,872.0,NAmes,TwnhsI,Normal,193341
251,1307,3,2,1,1.0,487.0,2,1975,1981,6,8,6082,2924.0,NoRidge,Duplx,Abnorml,514208
252,2722,3,2,0,0.0,5.0,0,1918,1945,1,4,7380,2993.0,Somerst,TwnhsI,Abnorml,432847
253,1347,2,4,0,0.0,283.0,1,1905,1932,7,7,10911,2630.0,ClearCr,TwnhsE,Abnorml,395480
254,1984,3,2,0,0.0,489.0,2,1963,1985,5,4,6032,951.0,ClearCr,2FmCon,Normal,405959
255,3472,2,2,0,1.0,294.0,1,1999,2002,2,5,19445,2404.0,NWAmes,2FmCon,Normal,535042
256,1150,4,2,1,1.0,26.0,0,1958,1978,3,6,1600,1376.0,Gilbert,TwnhsE,Family,242053
257,3549,4,2,1,1.0,450.0,2,1968,1971,8,5,19039,2531.0,Timber,2FmCon,Alloca,693480
258,965,4,1,0,1.0,404.0,2,1998,2018,10,7,11393,2553.0,Blmngtn,2FmCon,Normal,389567
259,1288,1,3,0,1.0,410.0,2,1963,1964,6,9,2208,1304.0,NAmes,2FmCon,Abnorml,267193
260,3144,5,1,0,0.0,656.0,3,2011,2019,10,8,3657,913.0,ClearCr,TwnhsE,Partial,564522
261,4070,1,1,1,0.0,20.0,0,1978,1981,2,9,3406,2924.0,Mitchel,1Fam,Family,470393
262,1267,5,1,1,0.0,222.0,1,1989,2017,3,1,6818,,Blmngtn,1Fam,Family,301589
263,1849,1,2,1,0.0,29.0,0,1996,2013,10,7,7661,1295.0,Mitchel,1Fam,Alloca,334292
264,4663,3,3,0,0.0,645.0,3,1977,2004,2,7,13362,1996.0,Mitchel,TwnhsE,Normal,580963
265,4953,1,3,0,1.0,415.0,2,1906,1906,7,4,7257,2810.0,NoRidge,1Fam,Partial,800000
266,3114,1,4,1,1.0,,0,1952,1974,3,3,14914,391.0,SawyerW,Duplx,Partial,390617
267,2511,4,2,0,0.0,466.0,2,1917,1931,4,1,6935,2953.0,StoneBr,1Fam,AdjLand,569659
268,2060,4,4,0,1.0,,0,1962,1976,5,8,6373,1267.0,SawyerW,Duplx,Family,366455
269,3256,1,1,1,1.0,292.0,1,1917,1943,4,8,6594,76.0,SawyerW,1Fam,Abnorml,378640
270,3159,5,2,0,0.0,460.0,2,1962,1963,9,1,7590,928.0,Timber,1Fam,AdjLand,576609
271,1826,2,3,0,0.0,,2,1942,1970,10,6,16998,1387.0,NoRidge,Duplx,Abnorml,604614
272,602,2,2,1,1.0,697.0,3,1902,1902,6,5,6067,2030.0,ClearCr,TwnhsE,Abnorml,316375
273,1181,2,4,0,1.0,456.0,2,1915,1925,6,2,6555,1699.0,Veenker,1Fam,Abnorml,358063
274,4813,3,2,0,0.0,646.0,3,1961,1965,1,5,19202,407.0,CollgCr,Duplx,Alloca,611437
275,2381,1,1,1,0.0,441.0,2,1909,1924,3,8,13594,1464.0,NridgHt,TwnhsI,Partial,485220
276,2670,3,3,0,0.0,3.0,0,2005,2022,1,3,5024,698.0,NoRidge,TwnhsE,Alloca,529687
277,2601,2,1,1,0.0,95.0,0,1993,2012,9,7,17561,808.0,ClearCr,TwnhsE,Alloca,483825
278,4022,1,3,0,0.0,681.0,3,1987,2010,3,9,4888,2134.0,NWAmes,2FmCon,Partial,561792
279,792,2,3,1,1.0,69.0,0,1921,1943,4,5,4499,2409.0,Veenker,TwnhsI,Family,279191
280,872,4,3,0,1.0,222.0,1,1997,2025,9,1,9733,468.0,Veenker,1Fam,Normal,349705
281,1741,4,2,1,1.0,92.0,0,1978,1991,8,3,14288,1807.0,StoneBr,TwnhsE,Family,546658
282,2689,2,4,1,1.0,217.0,1,1948,1953,7,2,5002,1266.0,Veenker,Duplx,Normal,500379
283,3520,2,1,1,0.0,424.0,2,1900,1904,1,4,15436,1009.0,Veenker,1Fam,Partial,487285
284,2708,4,2,0,0.0,7.0,0,1965,1973,6,6,4399,2138.0,Timber,TwnhsI,Alloca,517596
285,2485,4,1,0,0.0,228.0,1,1997,2015,6,2,15962,746.0,Somerst,TwnhsE,Alloca,452559
286,4720,5,3,1,1.0,632.0,3,1904,1905,4,5,3273,2296.0,Veenker,2FmCon,Abnorml,722533
287,1224,5,3,1,0.0,79.0,0,1906,1934,8,9,10092,1202.0,Gilbert,1Fam,Family,347091
288,3072,5,3,0,1.0,32.0,0,1947,1976,10,3,13343,284.0,Somerst,TwnhsE,Normal,529184
289,2940,5,3,0,0.0,295.0,1,1962,1966,3,8,6413,2376.0,NWAmes,Duplx,Alloca,471318
290,2630,3,2,0,1.0,630.0,3,1958,1981,4,3,12823,2555.0,Blmngtn,1Fam,AdjLand,491044
291,4134,2,1,1,1.0,252.0,1,1952,1969,4,6,14240,1689.0,Blmngtn,TwnhsI,Abnorml,576003
292,1701,2,4,0,1.0,459.0,2,1931,1945,9,2,13528,2171.0,CollgCr,TwnhsE,Family,434409
293,4791,2,2,1,0.0,82.0,0,1907,1929,1,3,8842,442.0,Mitchel,Duplx,Alloca,485628
294,1992,4,1,1,1.0,475.0,2,1903,1920,9,8,15806,1017.0,Timber,2FmCon,Normal,462109
295,2952,4,4,1,1.0,86.0,0,1912,1921,8,6,15035,1049.0,NAmes,2FmCon,Normal,420191
296,2843,5,4,1,0.0,493.0,2,1984,2000,5,6,7537,2291.0,Timber,Duplx,Normal,578495
297,4324,1,2,0,0.0,11.0,0,1996,2000,6,5,15068,1056.0,StoneBr,1Fam,Partial,723466
298,2475,3,3,1,0.0,609.0,3,1953,1960,9,3,18490,2184.0,SawyerW,2FmCon,Partial,495751
299,1780,2,1,0,0.0,244.0,1,1909,1938,8,9,16609,920.0,Mitchel,2FmCon,Alloca,331046
300,597,5,1,0,1.0,15.0,0,1951,1956,3,4,15064,1802.0,NridgHt,1Fam,Alloca,340780
301,2136,2,1,0,0.0,249.0,1,2021,2038,1,1,15680,629.0,CollgCr,1Fam,Normal,355998
302,4218,1,3,0,1.0,58.0,0,1930,1938,7,9,16387,1675.0,Crawfor,2FmCon,Partial,588945
303,544,3,1,1,1.0,27.0,0,1960,1973,2,1,6848,242.0,Timber,2FmCon,Alloca,173370
304,4532,5,1,1,1.0,409.0,2,1966,1973,1,8,14837,2204.0,Crawfor,2FmCon,Family,621551
305,2942,5,3,0,1.0,296.0,1,1940,1957,10,3,5189,87.0,Gilbert,TwnhsE,Abnorml,472363
306,1131,1,3,0,1.0,237.0,1,1953,1969,5,1,8131,2997.0,CollgCr,Duplx,Normal,355800
307,1859,2,3,1,1.0,,3,1958,1976,7,2,18788,2516.0,Crawfor,1Fam,Normal,494167
308,2993,1,3,1,1.0,,0,1958,1967,3,6,6736,1735.0,Mitchel,TwnhsI,Partial,364328
309,1920,2,3,1,0.0,266.0,1,1988,2005,2,5,17107,2728.0,Timber,TwnhsE,Partial,447978
310,988,3,3,0,1.0,78.0,0,1971,1992,1,2,9316,2426.0,Blmngtn,Duplx,Partial,273634
311,3496,2,2,1,0.0,226.0,1,1906,1927,4,3,5382,428.0,Veenker,1Fam,Normal,491636
312,3525,1,3,0,1.0,221.0,1,1900,1917,1,2,3295,,NAmes,TwnhsI,Partial,418204
313,1034,3,2,0,0.0,99.0,0,1950,1958,5,6,11642,1131.0,Timber,TwnhsE,Abnorml,331200
314,1765,1,1,0,0.0,,0,2011,2026,4,8,9848,2567.0,Mitchel,Duplx,Partial,316818
315,1597,2,3,1,1.0,629.0,3,1904,1920,6,3,10959,2591.0,Blmngtn,1Fam,Normal,413638
316,3467,1,1,0,1.0,64.0,0,1908,1936,6,9,2298,2863.0,Timber,1Fam,Alloca,499983
317,3786,1,4,1,0.0,639.0,3,1983,1994,4,4,6460,1352.0,NWAmes,2FmCon,Partial,532453
318,3771,3,2,1,1.0,685.0,3,1955,1964,5,1,1573,579.0,Timber,2FmCon,Abnorml,547102
319,4724,5,3,0,0.0,250.0,1,1928,1950,1,3,7096,375.0,Timber,2FmCon,Family,615505
320,3958,4,1,1,0.0,,1,1925,1944,4,8,18732,496.0,Somerst,Duplx,Alloca,595989
321,1943,1,3,1,1.0,669.0,3,1981,1993,10,8,4317,2975.0,Gilbert,1Fam,Normal,468776
322,984,1,2,1,0.0,675.0,3,1964,1964,10,7,14252,1759.0,Somerst,2FmCon,Normal,391682
323,3265,2,2,0,0.0,37.0,0,1978,1999,5,4,1606,1055.0,CollgCr,TwnhsI,Normal,447034
324,4622,4,1,1,1.0,675.0,3,1934,1956,10,7,11894,1347.0,CollgCr,TwnhsI,AdjLand,672470
325,4888,4,4,1,1.0,623.0,3,1964,1991,6,7,18537,518.0,StoneBr,1Fam,Partial,800000
326,1535,5,2,0,1.0,,0,2005,2020,2,8,7810,1712.0,Timber,TwnhsE,Partial,389052
327,1564,2,3,1,1.0,82.0,0,1938,1953,9,6,5147,1277.0,Veenker,TwnhsI,AdjLand,396708
328,668,1,2,0,0.0,462.0,2,1948,1954,5,5,12054,2394.0,Timber,Duplx,AdjLand,326374
329,1135,1,1,1,1.0,3.0,0,1920,1933,7,9,6660,63.0,Mitchel,2FmCon,Normal,198269
330,2996,1,4,0,0.0,467.0,2,1978,1978,7,9,17994,2795.0,Somerst,Duplx,Normal,594591
331,2960,1,1,0,1.0,30.0,0,1903,1918,4,5,17206,181.0,ClearCr,2FmCon,Alloca,422203
332,2169,5,1,1,0.0,427.0,2,1930,1951,8,2,13569,1252.0,Gilbert,2FmCon,Family,437385
333,1894,2,4,0,0.0,42.0,0,1987,2010,6,4,13322,1021.0,NWAmes,TwnhsI,Family,323669
334,4234,5,4,0,0.0,45.0,0,1902,1921,4,5,12645,2153.0,Gilbert,TwnhsE,Family,611572
335,2570,3,4,1,1.0,89.0,0,2021,2045,3,7,15102,1974.0,CollgCr,Duplx,Partial,466951
336,4137,3,2,1,1.0,43.0,0,1949,1968,8,3,10013,590.0,NAmes,1Fam,Alloca,490852
337,4834,3,3,1,,429.0,2,1949,1972,3,1,19440,1472.0,Mitchel,TwnhsI,Family,609859
338,1927,5,2,1,1.0,77.0,0,1965,1978,2,8,7895,1603.0,Timber,1Fam,Family,385221
339,1412,1,3,0,1.0,654.0,3,1978,1996,9,9,1665,,StoneBr,TwnhsE,Normal,487441
340,4788,1,2,1,1.0,400.0,2,1956,1975,4,1,14423,65.0,Somerst,2FmCon,Normal,612591
341,3356,3,1,1,1.0,263.0,1,2008,2025,7,3,13751,534.0,SawyerW,2FmCon,Partial,452191
342,1809,2,2,1,0.0,650.0,3,2018,2035,8,4,19648,1511.0,NAmes,1Fam,AdjLand,412245
343,3298,3,2,1,0.0,457.0,2,1924,1947,9,7,8813,781.0,Gilbert,2FmCon,Family,526159
344,2817,4,1,1,0.0,418.0,2,1986,1993,7,7,9358,1636.0,Gilbert,TwnhsE,Abnorml,472391
345,4574,3,2,1,1.0,47.0,0,1937,1946,8,4,11897,491.0,Timber,Duplx,Alloca,636601
346,1651,2,2,1,0.0,464.0,2,2022,2037,9,3,8755,2206.0,CollgCr,1Fam,Family,455465
347,4961,2,1,0,0.0,467.0,2,1931,1950,10,4,16019,565.0,StoneBr,2FmCon,Family,800000
348,4712,4,1,1,1.0,668.0,3,1936,1951,1,3,9420,,CollgCr,1Fam,Abnorml,599921
349,1313,2,3,0,0.0,299.0,1,1987,1992,8,4,15997,2509.0,StoneBr,Duplx,Abnorml,512179
350,1240,3,2,0,1.0,450.0,2,1997,2021,2,3,9372,1075.0,NridgHt,TwnhsI,Abnorml,389403
351,2899,3,3,1,0.0,242.0,1,1915,1931,9,1,5664,418.0,NAmes,TwnhsI,Alloca,377813
352,702,4,2,1,0.0,54.0,0,1968,1981,1,7,19826,17.0,Mitchel,TwnhsI,Alloca,194205
353,1844,4,2,0,1.0,32.0,0,1942,1968,3,8,11239,1081.0,Gilbert,1Fam,Partial,328291
354,2457,3,2,0,1.0,631.0,3,1975,1988,2,3,14575,,Blmngtn,Duplx,Normal,404678
355,4862,2,2,1,1.0,469.0,2,1968,1972,7,4,12438,2645.0,Timber,1Fam,AdjLand,782869
356,4965,2,3,1,0.0,231.0,1,2021,2050,1,4,8144,2919.0,CollgCr,Duplx,Alloca,679122
357,1181,3,4,1,1.0,474.0,2,2014,2025,1,1,19484,2941.0,NWAmes,Duplx,Partial,394481
358,4512,2,1,1,0.0,74.0,0,1980,2006,6,5,8372,2766.0,CollgCr,TwnhsE,Abnorml,622305
359,909,4,3,0,1.0,95.0,0,1983,1998,10,5,19872,1760.0,Veenker,2FmCon,AdjLand,415276
360,3868,2,4,0,1.0,413.0,2,2010,2017,6,9,9469,975.0,Somerst,1Fam,AdjLand,601084
361,4305,4,1,0,0.0,436.0,2,1922,1933,5,4,1919,1339.0,SawyerW,Duplx,AdjLand,510426
362,4508,4,3,1,0.0,677.0,3,1989,2016,7,8,2179,,Timber,Duplx,Family,710162
363,1505,5,2,1,1.0,642.0,3,1994,2022,6,4,19512,2520.0,NAmes,TwnhsE,Abnorml,421934
364,4520,1,4,0,1.0,265.0,1,1915,1919,4,2,11264,1309.0,NWAmes,1Fam,AdjLand,559412
365,1021,4,3,1,1.0,,3,2008,2037,6,4,8671,1155.0,Mitchel,TwnhsE,Family,322068
366,2834,1,3,1,0.0,,1,1986,2011,1,8,16510,2069.0,Crawfor,Duplx,Abnorml,476662
367,2612,2,1,1,0.0,622.0,3,1942,1961,3,3,12917,1121.0,Timber,TwnhsE,Abnorml,484428
368,1921,1,1,1,1.0,26.0,0,1959,1964,7,8,13720,1070.0,NoRidge,TwnhsI,Normal,487990
369,599,1,4,0,1.0,47.0,0,1960,1977,4,6,14180,681.0,CollgCr,2FmCon,Partial,236799
370,3974,1,2,1,,50.0,0,2013,2025,1,7,5170,201.0,Somerst,TwnhsE,Normal,463168
371,2010,1,2,0,0.0,690.0,3,2019,2022,2,7,3132,113.0,NridgHt,1Fam,Alloca,422078
372,3477,5,1,1,0.0,3.0,0,1999,2028,9,5,14968,1208.0,Mitchel,TwnhsI,Normal,494815
373,2345,1,1,1,0.0,,3,1980,1998,4,6,1903,2985.0,NAmes,Duplx,Alloca,380020
374,2181,2,3,0,0.0,491.0,2,1912,1914,1,1,14809,781.0,Somerst,TwnhsE,AdjLand,389720
375,4488,4,2,1,1.0,61.0,0,2012,2022,8,7,3903,1923.0,Gilbert,TwnhsE,Family,583736
376,925,5,3,0,1.0,667.0,3,1916,1941,6,7,6356,974.0,ClearCr,TwnhsE,Partial,322702
377,3814,5,2,0,1.0,24.0,0,1920,1933,5,1,14593,908.0,Crawfor,2FmCon,Partial,537587
378,3860,1,1,1,1.0,62.0,0,1908,1922,9,5,13023,488.0,Blmngtn,TwnhsE,Abnorml,486862
379,2209,5,1,0,0.0,436.0,2,2016,2020,4,5,15958,1690.0,ClearCr,Duplx,AdjLand,473602
380,1681,4,4,0,1.0,273.0,1,1960,1963,6,3,12802,1976.0,SawyerW,TwnhsE,Abnorml,382725
381,523,1,4,0,1.0,209.0,1,1929,1958,8,1,2385,,StoneBr,TwnhsE,Normal,302098
382,4715,3,1,0,0.0,28.0,0,1909,1937,7,1,17036,1579.0,Gilbert,Duplx,Family,595270
383,4764,5,2,1,0.0,464.0,2,1950,1952,3,2,5491,1428.0,NAmes,1Fam,Alloca,541727
384,1584,2,2,0,0.0,60.0,0,1989,2005,7,3,4017,812.0,SawyerW,2FmCon,Normal,287188
385,643,1,2,0,0.0,84.0,0,2022,2042,8,2,17752,2075.0,NoRidge,TwnhsI,AdjLand,429961
386,1052,5,3,0,0.0,480.0,2,1967,1993,2,6,5104,1661.0,NridgHt,Duplx,Abnorml,411519
387,804,5,1,1,1.0,201.0,1,1974,1990,2,4,11417,197.0,Blmngtn,TwnhsE,Abnorml,219374
388,4240,5,1,1,1.0,409.0,2,2002,2028,7,2,10490,1478.0,Mitchel,2FmCon,Partial,536931
389,4513,5,2,0,1.0,35.0,0,2010,2013,2,1,15735,1168.0,SawyerW,TwnhsE,Alloca,525474
390,1189,5,3,0,,495.0,2,1934,1934,9,6,2316,2387.0,Mitchel,Duplx,Normal,341748
391,3860,3,1,1,1.0,647.0,3,2022,2035,2,9,3473,,StoneBr,2FmCon,Partial,627591
392,1306,1,3,0,,289.0,1,1963,1970,10,8,9188,2867.0,Crawfor,1Fam,Family,409872
393,2152,4,1,1,0.0,205.0,1,2014,2036,7,7,10255,1845.0,Gilbert,2FmCon,Partial,447709
394,3197,2,1,1,1.0,496.0,2,1914,1924,5,3,16082,392.0,Blmngtn,Duplx,Normal,425016
395,3739,3,2,0,1.0,406.0,2,1911,1923,3,7,12706,1210.0,NWAmes,2FmCon,Partial,486229
396,4435,4,2,1,1.0,80.0,0,2008,2024,4,1,4251,2651.0,Timber,2FmCon,Alloca,695507
397,701,5,2,0,0.0,487.0,2,1982,2010,8,2,19609,763.0,ClearCr,2FmCon,Family,365475
398,1383,2,1,0,0.0,29.0,0,1921,1923,8,2,10009,2114.0,ClearCr,2FmCon,AdjLand,338022
399,1762,2,1,1,0.0,430.0,2,2010,2026,3,2,19344,2350.0,NAmes,TwnhsE,Normal,349956
400,1896,4,3,1,0.0,658.0,3,1912,1923,6,4,19810,2077.0,Timber,Duplx,Alloca,514546
401,4991,1,2,1,0.0,472.0,2,1983,1984,10,1,2455,271.0,Veenker,Duplx,Alloca,714557
402,3998,3,1,0,0.0,612.0,3,1925,1949,3,8,10859,1122.0,NoRidge,1Fam,AdjLand,709909
403,1941,4,2,0,0.0,223.0,1,1908,1935,7,7,9307,1044.0,StoneBr,Duplx,Family,457643
404,4873,3,4,1,,675.0,3,1999,2004,2,6,10718,1031.0,NAmes,TwnhsI,Alloca,552755
405,2746,2,1,1,0.0,680.0,3,2004,2026,9,2,7233,2636.0,SawyerW,TwnhsE,Abnorml,498174
406,2753,5,4,0,0.0,615.0,3,1913,1934,2,8,11837,16.0,Timber,Duplx,Partial,462492
407,2451,2,1,1,1.0,488.0,2,1911,1932,3,1,10605,1617.0,Gilbert,2FmCon,AdjLand,371998
408,1147,4,1,0,1.0,486.0,2,1975,1988,5,9,4941,2946.0,CollgCr,2FmCon,Partial,337637
409,4704,3,1,0,1.0,486.0,2,1903,1912,4,7,6837,2626.0,Mitchel,1Fam,AdjLand,566642
410,562,1,2,0,,624.0,3,1991,1993,2,2,4222,1819.0,Veenker,1Fam,Alloca,254825
411,1284,3,1,1,0.0,666.0,3,2012,2013,7,2,17106,2993.0,NAmes,TwnhsE,Normal,386714
412,1533,1,3,1,1.0,216.0,1,1992,1997,1,7,14031,1206.0,Somerst,TwnhsI,AdjLand,303484
413,1756,5,2,0,1.0,19.0,0,1928,1943,10,8,8669,1834.0,Gilbert,TwnhsI,Normal,396100
414,1093,4,3,0,1.0,7.0,0,1923,1927,1,5,8821,1631.0,Somerst,TwnhsE,AdjLand,258987
415,580,2,2,0,1.0,49.0,0,1983,2003,4,1,2963,141.0,Gilbert,TwnhsI,Partial,173466
416,3549,3,2,0,0.0,71.0,0,1907,1925,10,5,6863,121.0,Somerst,Duplx,Abnorml,552055
417,4861,4,2,0,1.0,19.0,0,1966,1976,2,5,18601,2690.0,SawyerW,2FmCon,Family,619261
418,1048,2,1,1,0.0,18.0,0,1955,1957,1,3,2080,520.0,Blmngtn,2FmCon,Abnorml,176061
419,1834,2,3,0,,627.0,3,1991,2006,8,9,4203,1064.0,Veenker,2FmCon,Normal,493159
420,2778,3,1,0,0.0,19.0,0,1924,1948,1,4,17151,1870.0,NAmes,TwnhsE,Partial,338565
421,4673,2,3,1,1.0,483.0,2,1993,2004,9,3,11126,1726.0,Gilbert,1Fam,Alloca,689138
422,3624,4,4,1,1.0,216.0,1,1986,2010,5,7,2098,1542.0,ClearCr,TwnhsI,Normal,529588
423,3947,1,3,0,1.0,27.0,0,1929,1937,9,6,10560,2937.0,StoneBr,TwnhsE,Partial,748966
424,3115,5,2,0,1.0,430.0,2,1943,1945,3,6,15374,2361.0,NAmes,2FmCon,Partial,442330
425,2376,2,2,1,0.0,620.0,3,1908,1927,2,5,7883,2825.0,NWAmes,TwnhsE,Family,399471
426,1398,3,4,0,1.0,694.0,3,1955,1981,10,3,8566,1976.0,Gilbert,1Fam,Normal,427860
427,4389,1,1,1,0.0,620.0,3,1932,1958,8,3,13179,2937.0,SawyerW,Duplx,Normal,608652
428,4118,2,2,0,0.0,448.0,2,1913,1941,10,2,12575,1804.0,Blmngtn,1Fam,AdjLand,629424
429,612,4,3,1,1.0,456.0,2,1968,1971,4,2,18203,1625.0,Timber,1Fam,Abnorml,348392
430,3719,2,4,0,0.0,26.0,0,1969,1970,5,6,6082,2445.0,Timber,1Fam,Alloca,602187
431,879,1,4,1,0.0,647.0,3,1910,1927,6,4,6607,2606.0,NridgHt,TwnhsE,Abnorml,449740
432,3825,3,1,0,1.0,417.0,2,1922,1950,5,7,4374,204.0,NoRidge,TwnhsE,AdjLand,624060
433,4216,1,4,0,1.0,248.0,1,1910,1939,3,8,13801,2731.0,Gilbert,TwnhsI,Normal,556066
434,1089,2,1,1,1.0,201.0,1,1983,1991,4,6,11367,2072.0,SawyerW,TwnhsI,Alloca,279032
435,2452,3,3,1,1.0,443.0,2,1941,1952,7,1,7918,2692.0,StoneBr,TwnhsI,AdjLand,615169
436,1056,3,4,1,1.0,36.0,0,1908,1927,1,1,14368,2146.0,CollgCr,TwnhsI,Normal,305032
437,3052,4,3,1,0.0,635.0,3,1923,1950,4,3,8468,2780.0,NridgHt,1Fam,Abnorml,681893
438,4674,4,4,0,1.0,211.0,1,2020,2025,3,3,5116,825.0,ClearCr,TwnhsE,Normal,620527
439,863,5,2,0,0.0,99.0,0,1931,1960,1,1,11487,562.0,NWAmes,TwnhsE,Normal,193978
440,2289,1,2,0,1.0,202.0,1,1984,2008,2,8,9572,586.0,SawyerW,1Fam,Alloca,323875
441,4879,2,2,1,0.0,614.0,3,1957,1959,5,4,8999,756.0,NAmes,1Fam,Partial,545993
442,1854,1,2,1,1.0,210.0,1,1922,1947,2,7,9726,641.0,Veenker,TwnhsI,Alloca,308217
443,1094,1,3,1,,497.0,2,1937,1956,4,2,18412,1324.0,NAmes,TwnhsI,Abnorml,279510
444,2698,2,2,0,1.0,,3,1901,1930,6,1,5495,594.0,NWAmes,2FmCon,Alloca,411801
445,2787,3,3,1,1.0,43.0,0,1991,1997,9,2,6602,474.0,Somerst,1Fam,AdjLand,479427
446,3482,5,2,1,1.0,675.0,3,1941,1970,1,5,11953,1571.0,Veenker,2FmCon,AdjLand,544837
447,1911,4,2,1,1.0,205.0,1,1961,1962,5,5,2364,2380.0,NridgHt,1Fam,Alloca,501940
448,4800,4,1,1,1.0,406.0,2,1918,1920,2,4,4199,406.0,Mitchel,TwnhsE,Alloca,448666
449,2844,4,2,1,0.0,18.0,0,2001,2014,5,9,11977,1533.0,Timber,2FmCon,Alloca,509150
450,1789,1,4,0,1.0,67.0,0,1926,1945,5,6,10930,1977.0,Veenker,1Fam,Alloca,372480
451,4821,5,4,0,0.0,697.0,3,1969,1974,8,7,13577,2116.0,ClearCr,TwnhsI,Partial,790462
452,4661,5,1,1,0.0,662.0,3,2007,2015,5,2,3598,315.0,StoneBr,TwnhsI,Alloca,759328
453,2746,1,2,1,1.0,687.0,3,1987,1998,10,5,17296,2201.0,SawyerW,TwnhsI,Family,514456
454,611,3,3,1,1.0,488.0,2,1974,1977,2,6,10482,80.0,Gilbert,TwnhsI,Alloca,222740
455,3186,5,3,1,1.0,227.0,1,2009,2014,1,6,4367,710.0,StoneBr,1Fam,AdjLand,551270
456,2998,3,1,1,1.0,18.0,0,1921,1925,1,9,7264,957.0,StoneBr,TwnhsE,Normal,451019
457,1166,5,3,1,1.0,216.0,1,2018,2046,4,5,5707,2559.0,NoRidge,TwnhsE,Partial,486654
458,3352,5,1,1,0.0,479.0,2,1968,1996,2,4,9866,575.0,NAmes,TwnhsE,Normal,402071
459,4283,3,1,0,1.0,266.0,1,1950,1968,1,9,10183,2347.0,ClearCr,2FmCon,Normal,551903
460,976,1,3,0,1.0,286.0,1,1931,1951,3,4,9524,2965.0,Blmngtn,2FmCon,Partial,275669
461,3754,2,1,0,1.0,50.0,0,1991,1995,10,6,10028,2879.0,StoneBr,TwnhsI,Partial,719254
462,1131,2,2,1,0.0,297.0,1,2020,2021,9,1,18296,908.0,Timber,1Fam,AdjLand,405184
463,3869,3,3,0,1.0,89.0,0,1984,1995,1,2,19244,,CollgCr,TwnhsE,Family,506371
464,2386,3,3,0,0.0,80.0,0,1904,1933,10,1,10563,666.0,Timber,TwnhsE,Alloca,446241
465,529,3,2,0,0.0,80.0,0,1957,1971,3,4,19315,2306.0,Blmngtn,TwnhsE,Partial,280369
466,4848,1,1,0,0.0,412.0,2,1990,2014,5,9,16642,590.0,Mitchel,Duplx,Partial,566361
467,1246,2,3,0,1.0,274.0,1,1948,1959,4,1,16669,1936.0,Veenker,TwnhsE,Alloca,386698
468,3182,4,4,1,1.0,94.0,0,1995,2004,5,9,5674,1121.0,Blmngtn,TwnhsI,Abnorml,481578
469,1316,1,4,0,0.0,429.0,2,1986,2010,8,8,9610,2300.0,Mitchel,TwnhsE,Family,372067
470,4698,2,3,0,1.0,81.0,0,1908,1922,8,1,8013,1817.0,Mitchel,1Fam,Alloca,592569
471,3822,5,2,0,1.0,35.0,0,1968,1989,6,1,3284,1756.0,NoRidge,2FmCon,Alloca,718836
472,4119,1,4,1,1.0,21.0,0,1921,1942,7,9,2889,2345.0,NridgHt,2FmCon,Abnorml,715573
473,2444,3,2,1,1.0,273.0,1,1959,1980,8,6,13015,2864.0,NAmes,2FmCon,AdjLand,415127
474,2603,2,1,1,0.0,616.0,3,1947,1967,2,2,9283,1093.0,Mitchel,2FmCon,Alloca,383031
475,3354,1,3,0,0.0,48.0,0,1999,2023,4,9,16775,1586.0,Veenker,2FmCon,Normal,574702
476,4031,3,2,1,1.0,293.0,1,2006,2019,2,6,13870,1877.0,Crawfor,TwnhsE,Abnorml,556076
477,4311,3,4,0,0.0,15.0,0,1956,1965,8,6,3075,2469.0,CollgCr,1Fam,AdjLand,608075
478,580,1,2,1,0.0,215.0,1,1966,1981,5,7,17006,1446.0,Gilbert,TwnhsE,Partial,253226
479,3486,1,4,1,0.0,494.0,2,1977,1986,7,2,10677,,NWAmes,TwnhsE,Alloca,539264
480,991,1,2,1,0.0,277.0,1,1980,1981,6,4,11969,2539.0,Somerst,TwnhsI,Partial,330778
481,1795,4,2,1,0.0,,2,1978,1988,3,2,19365,2859.0,Mitchel,1Fam,Family,366811
482,4232,5,2,1,0.0,640.0,3,1996,2011,2,5,13341,1707.0,NoRidge,2FmCon,Abnorml,800000
483,1627,1,3,1,0.0,696.0,3,2020,2035,10,9,1912,310.0,NoRidge,TwnhsI,Partial,538719
484,4085,2,1,1,1.0,472.0,2,2001,2011,3,6,4779,869.0,NAmes,Duplx,Normal,459476
485,2583,2,2,1,,490.0,2,1916,1937,2,7,9387,1388.0,StoneBr,Duplx,Abnorml,491943
486,1546,2,2,1,0.0,609.0,3,1958,1966,4,2,2188,2110.0,NAmes,1Fam,Abnorml,311399
487,2004,2,2,0,0.0,653.0,3,1956,1975,10,5,4598,2009.0,Veenker,TwnhsE,Alloca,468642
488,2888,1,1,1,1.0,272.0,1,1962,1970,3,9,16146,2460.0,Somerst,2FmCon,Partial,468095
489,3943,3,3,0,0.0,3.0,0,1965,1994,10,1,4141,89.0,NoRidge,TwnhsI,Abnorml,733416
490,3227,2,2,0,1.0,51.0,0,1988,2007,5,2,4590,1396.0,NAmes,2FmCon,Abnorml,363841
491,4699,2,1,0,0.0,605.0,3,1951,1967,9,7,10836,,Somerst,1Fam,AdjLand,711140
492,4404,2,1,0,0.0,490.0,2,1932,1944,7,1,3186,2961.0,StoneBr,Duplx,Alloca,762441
493,3890,5,3,1,0.0,268.0,1,1956,1978,1,2,6230,427.0,Crawfor,Duplx,Family,495886
494,3213,4,1,0,1.0,218.0,1,2005,2017,6,9,18844,2637.0,StoneBr,Duplx,Normal,697811
495,1804,3,2,1,0.0,252.0,1,1938,1962,5,1,13182,23.0,NWAmes,TwnhsI,Family,299189
496,2356,2,3,0,0.0,610.0,3,1902,1906,3,4,19325,590.0,NridgHt,2FmCon,Partial,510070
497,1035,5,2,0,0.0,480.0,2,2020,2044,6,3,8053,2540.0,Crawfor,2FmCon,Alloca,388173
498,2183,5,2,0,0.0,619.0,3,1924,1952,2,4,12900,2360.0,Somerst,TwnhsE,Normal,449365
499,4669,1,1,1,,260.0,1,1974,1981,7,3,5913,2918.0,NoRidge,1Fam,AdjLand,800000
500,2416,5,2,1,0.0,207.0,1,1998,2004,9,3,8504,1802.0,NoRidge,TwnhsI,Family,658552
501,1011,4,3,0,0.0,15.0,0,1933,1961,1,7,4731,1847.0,Crawfor,2FmCon,Normal,247518
502,3433,1,2,1,1.0,698.0,3,1941,1953,5,1,16914,1604.0,Somerst,2FmCon,Alloca,560868
503,4831,4,4,1,0.0,438.0,2,1934,1954,7,2,4904,1535.0,NridgHt,1Fam,Normal,800000
504,4403,1,3,1,1.0,412.0,2,1918,1923,1,3,5287,1541.0,StoneBr,2FmCon,Family,681292
505,1733,1,1,0,1.0,269.0,1,1918,1930,4,8,10080,877.0,SawyerW,Duplx,Alloca,253687
506,2542,1,2,1,,220.0,1,1922,1943,3,4,9443,2560.0,Gilbert,TwnhsE,Family,393604
507,2889,3,2,1,0.0,658.0,3,1956,1982,1,1,7306,1069.0,Blmngtn,TwnhsI,Family,406147
508,1615,4,3,1,1.0,280.0,1,1965,1978,9,5,8104,,SawyerW,TwnhsE,Abnorml,377968
509,1709,3,1,0,1.0,468.0,2,1901,1903,5,6,6957,2007.0,NridgHt,2FmCon,Partial,474118
510,1564,1,4,1,0.0,24.0,0,2004,2016,8,5,18384,1613.0,Gilbert,TwnhsI,Alloca,404138
511,4975,1,2,0,0.0,223.0,1,1983,2002,6,1,12236,1834.0,NWAmes,1Fam,Abnorml,634576
512,3857,5,2,1,1.0,622.0,3,1908,1934,9,8,18515,146.0,Timber,2FmCon,Abnorml,672919
513,4283,5,1,1,1.0,63.0,0,2003,2028,10,8,19756,947.0,CollgCr,2FmCon,Normal,648640
514,4174,4,4,0,0.0,67.0,0,1903,1925,7,9,13541,1344.0,NWAmes,Duplx,Family,536360
515,4816,1,4,0,1.0,,3,1968,1972,4,9,16774,1182.0,Blmngtn,2FmCon,Abnorml,645400
516,973,5,3,1,0.0,239.0,1,1957,1972,5,3,3548,2724.0,Timber,TwnhsI,Partial,368810
517,4467,4,2,1,0.0,206.0,1,1961,1978,9,4,19064,2691.0,Blmngtn,2FmCon,Partial,700691
518,799,3,1,0,1.0,483.0,2,2017,2031,5,9,10420,2135.0,NWAmes,2FmCon,Partial,293034
519,2639,1,3,1,1.0,66.0,0,2014,2041,6,5,14698,1056.0,NoRidge,TwnhsE,Alloca,605815
520,3174,5,2,0,0.0,63.0,0,1934,1962,2,8,6038,152.0,CollgCr,Duplx,Family,408090
521,2110,3,4,1,1.0,10.0,0,1971,1977,10,6,3266,2265.0,Crawfor,Duplx,AdjLand,478275
522,1157,1,3,0,0.0,28.0,0,2017,2045,7,9,17870,2651.0,Somerst,TwnhsI,Family,397130
523,1365,2,2,1,1.0,30.0,0,1989,2014,4,1,9814,1468.0,NoRidge,Duplx,Normal,427767
524,4210,3,4,1,0.0,459.0,2,2009,2030,6,7,4060,2480.0,NridgHt,1Fam,Family,800000
525,1934,1,3,0,1.0,278.0,1,1953,1964,5,8,13681,2792.0,NWAmes,TwnhsE,Normal,373776
526,1896,2,2,1,0.0,86.0,0,1934,1956,2,2,2504,1640.0,SawyerW,TwnhsE,Normal,243514
527,4655,3,1,0,0.0,52.0,0,1962,1979,9,7,9833,,ClearCr,2FmCon,Normal,628011
528,1147,5,1,0,1.0,236.0,1,2000,2026,9,2,14531,67.0,NAmes,TwnhsI,Abnorml,311560
529,4618,1,2,1,0.0,640.0,3,2014,2035,9,9,14827,2270.0,Mitchel,2FmCon,Family,655837
530,4644,3,2,1,,273.0,1,1984,2012,4,9,9885,1687.0,Blmngtn,1Fam,Abnorml,591138
531,3193,5,1,0,1.0,31.0,0,1986,1998,3,1,8344,461.0,CollgCr,1Fam,Alloca,420108
532,1244,5,1,0,1.0,41.0,0,1962,1964,1,5,17009,163.0,NAmes,TwnhsE,Partial,221917
533,1201,5,3,0,0.0,278.0,1,1939,1953,8,4,4917,2908.0,Blmngtn,2FmCon,Normal,398990
534,1781,1,3,0,0.0,54.0,0,1952,1981,4,9,2880,961.0,NAmes,Duplx,Partial,291563
535,3098,5,1,1,0.0,646.0,3,1961,1980,9,3,4401,981.0,NAmes,TwnhsE,Abnorml,468766
536,1191,5,2,0,,673.0,3,2000,2021,9,7,16319,1886.0,StoneBr,TwnhsI,Abnorml,561392
537,2550,2,1,1,0.0,228.0,1,1968,1986,2,2,10193,1093.0,Blmngtn,Duplx,AdjLand,383467
538,1019,3,3,0,1.0,606.0,3,1997,2014,10,2,2190,2738.0,Gilbert,TwnhsI,Alloca,398261
539,2931,3,3,0,1.0,,1,1903,1904,2,9,4622,2042.0,SawyerW,2FmCon,AdjLand,392874
540,595,3,4,1,1.0,45.0,0,1993,2005,5,4,2019,,Somerst,TwnhsI,Abnorml,256529
541,3690,2,3,1,1.0,,3,1962,1964,5,7,16566,,SawyerW,2FmCon,Alloca,507721
542,749,5,3,0,1.0,609.0,3,2022,2032,10,9,10034,2580.0,Crawfor,1Fam,Alloca,434615
543,1376,5,4,0,0.0,292.0,1,1958,1979,7,9,2759,1775.0,Somerst,TwnhsE,Abnorml,374691
544,1285,2,3,0,,472.0,2,1958,1982,9,1,5593,2755.0,StoneBr,TwnhsE,Family,511723
545,4239,5,2,1,1.0,27.0,0,1915,1921,6,3,12904,1035.0,Veenker,TwnhsI,Family,626133
546,740,2,3,0,1.0,460.0,2,1999,2018,9,7,12483,63.0,NAmes,TwnhsI,AdjLand,305176
547,2431,4,3,0,1.0,446.0,2,1986,1992,9,9,16656,2697.0,Gilbert,1Fam,Abnorml,509669
548,3160,3,3,1,,432.0,2,2006,2012,9,9,1977,718.0,Gilbert,TwnhsE,Partial,535914
549,2821,3,2,1,0.0,431.0,2,1911,1939,5,7,2783,2536.0,Mitchel,TwnhsE,Partial,391883
550,3563,1,4,1,0.0,407.0,2,1926,1944,4,1,2154,2129.0,Veenker,TwnhsE,Abnorml,531898
551,4113,4,1,0,1.0,497.0,2,2007,2012,10,7,8790,695.0,Blmngtn,1Fam,Abnorml,590692
552,2271,2,1,1,0.0,692.0,3,1905,1909,8,3,14952,2270.0,Somerst,1Fam,Normal,504653
553,4226,2,1,0,1.0,87.0,0,1962,1963,10,8,13765,244.0,SawyerW,TwnhsE,Normal,529768
554,1930,1,2,1,1.0,231.0,1,1949,1963,6,5,5388,,ClearCr,TwnhsI,Alloca,356985
555,4929,5,3,0,0.0,299.0,1,2015,2018,10,2,13658,1069.0,SawyerW,1Fam,Normal,662327
556,2770,1,1,1,0.0,427.0,2,2005,2022,8,8,13643,1970.0,NWAmes,1Fam,Partial,459993
557,3812,4,1,0,0.0,,0,2010,2023,8,9,5040,1603.0,NWAmes,Duplx,Partial,544253
558,4437,5,4,0,0.0,210.0,1,1935,1954,2,5,15373,1836.0,Mitchel,2FmCon,Normal,565897
559,4066,1,3,1,1.0,631.0,3,1972,1978,6,8,9312,1428.0,NWAmes,TwnhsI,Alloca,589000
560,4330,3,3,0,1.0,57.0,0,1986,1990,8,1,2597,2219.0,Veenker,TwnhsI,Family,664661
561,2914,3,2,1,1.0,496.0,2,2018,2021,8,3,8725,480.0,Crawfor,Duplx,AdjLand,468394
562,695,2,2,1,0.0,426.0,2,1900,1902,10,2,15740,2155.0,Crawfor,TwnhsI,Alloca,331160
563,2718,4,1,1,0.0,243.0,1,2020,2022,4,3,14379,150.0,NoRidge,2FmCon,Abnorml,581691
564,1316,3,1,0,0.0,84.0,0,1943,1950,4,4,6465,257.0,CollgCr,TwnhsI,Family,239834
565,4501,3,4,1,0.0,47.0,0,1915,1939,10,4,15502,2170.0,ClearCr,Duplx,Alloca,684437
566,1565,3,2,0,1.0,268.0,1,1975,1993,10,3,8706,474.0,Somerst,Duplx,Partial,371209
567,1526,5,3,0,1.0,41.0,0,1996,2003,2,5,10014,2310.0,NridgHt,1Fam,Alloca,475846
568,1622,4,3,0,0.0,,0,1915,1942,4,2,3102,398.0,Crawfor,1Fam,Family,294917
569,3391,2,2,0,1.0,28.0,0,1905,1927,10,4,19945,440.0,CollgCr,1Fam,AdjLand,520887
570,3070,5,1,0,,56.0,0,2010,2033,2,8,17014,2797.0,NridgHt,Duplx,Abnorml,647928
571,4769,5,3,0,1.0,601.0,3,2014,2040,8,6,5106,531.0,Blmngtn,1Fam,Abnorml,670963
572,2373,5,1,0,0.0,423.0,2,1919,1941,2,1,11873,2740.0,StoneBr,1Fam,Abnorml,512838
573,1770,4,2,0,,95.0,0,2011,2039,2,3,15936,1044.0,StoneBr,TwnhsE,Abnorml,438625
574,721,2,4,0,0.0,,2,2011,2020,8,8,10836,2392.0,ClearCr,TwnhsI,Family,346984
575,531,4,3,1,,24.0,0,2022,2047,7,2,5399,2818.0,Somerst,1Fam,Abnorml,311619
576,2181,2,3,0,0.0,261.0,1,1926,1929,6,9,19418,350.0,Mitchel,Duplx,Family,360555
577,4666,2,1,1,,56.0,0,1971,1980,9,3,6472,,NridgHt,TwnhsI,Abnorml,800000
578,2856,3,1,1,1.0,20.0,0,2022,2048,4,6,7688,1722.0,Somerst,Duplx,Partial,435276
579,4520,5,1,0,1.0,5.0,0,2011,2015,6,5,8375,2596.0,NWAmes,1Fam,AdjLand,587755
580,957,3,2,1,0.0,289.0,1,1974,1989,7,6,17979,561.0,Timber,1Fam,Normal,352289
581,919,2,1,0,1.0,255.0,1,1924,1934,8,8,10750,560.0,NAmes,TwnhsI,Abnorml,267102
582,4250,3,4,0,0.0,257.0,1,1910,1913,4,2,14814,1105.0,NWAmes,Duplx,Abnorml,550343
583,980,2,1,1,0.0,405.0,2,1931,1938,7,4,18172,613.0,NAmes,1Fam,Normal,282664
584,733,4,3,0,1.0,420.0,2,1908,1924,5,6,18677,801.0,NAmes,TwnhsI,Alloca,260309
585,2318,2,3,0,1.0,,2,1924,1942,6,3,17343,389.0,NridgHt,TwnhsI,AdjLand,539359
586,4661,3,3,0,0.0,497.0,2,1909,1929,9,4,18294,2486.0,ClearCr,TwnhsE,Family,731211
587,3602,2,1,0,1.0,476.0,2,1993,1996,4,8,19042,2390.0,NWAmes,1Fam,Family,529484
588,946,2,2,0,0.0,254.0,1,1972,1981,7,3,19834,433.0,NoRidge,1Fam,Partial,429548
589,4267,5,3,1,0.0,68.0,0,1963,1966,10,2,13397,1610.0,ClearCr,2FmCon,Alloca,646267
590,4296,2,2,0,0.0,216.0,1,1999,1999,8,6,3936,1938.0,Gilbert,1Fam,Normal,598180
591,4103,1,3,1,0.0,98.0,0,1950,1961,10,1,3596,1882.0,NWAmes,Duplx,Partial,550063
592,4561,2,1,0,0.0,651.0,3,1949,1967,6,1,16226,2951.0,ClearCr,2FmCon,AdjLand,687536
593,1579,3,1,1,1.0,251.0,1,1925,1936,3,8,7348,1923.0,SawyerW,TwnhsE,Partial,259594
594,4908,1,3,1,0.0,695.0,3,1954,1955,10,3,16383,2061.0,Gilbert,1Fam,Alloca,704901
595,1943,2,3,1,1.0,609.0,3,1921,1927,7,2,18792,98.0,NoRidge,TwnhsE,Family,571589
596,4109,1,1,1,0.0,242.0,1,1972,1984,3,6,13420,237.0,Veenker,TwnhsI,Partial,531309
597,3107,3,4,0,0.0,608.0,3,2022,2032,4,5,15639,1856.0,NAmes,1Fam,Abnorml,500330
598,4007,4,1,1,1.0,242.0,1,1965,1989,3,5,6658,2723.0,NoRidge,TwnhsE,AdjLand,729231
599,3325,5,4,0,1.0,26.0,0,1936,1953,9,4,9538,1197.0,NridgHt,Duplx,Family,705157
600,3391,2,3,1,1.0,46.0,0,1984,2013,1,2,19355,1929.0,Somerst,1Fam,Family,504968
601,3273,5,4,1,0.0,70.0,0,2000,2005,8,8,16611,,NAmes,2FmCon,Alloca,489535
602,4005,2,4,1,1.0,628.0,3,1958,1969,6,1,5281,1368.0,Gilbert,TwnhsE,Abnorml,577537
603,3825,4,2,0,0.0,205.0,1,1930,1932,1,5,18821,2253.0,StoneBr,TwnhsI,Abnorml,680700
604,1105,3,3,1,0.0,216.0,1,1987,1987,7,3,10742,1979.0,Somerst,2FmCon,AdjLand,370248
605,4217,4,1,1,0.0,271.0,1,1923,1950,8,6,17111,342.0,NAmes,1Fam,Partial,507933
606,2912,4,2,1,1.0,257.0,1,2022,2036,8,5,11147,2637.0,Timber,2FmCon,AdjLand,616672
607,1953,3,1,1,1.0,697.0,3,1939,1958,6,4,12672,2781.0,CollgCr,TwnhsI,Family,441874
608,2814,2,2,1,1.0,689.0,3,1943,1951,4,5,4493,1431.0,ClearCr,Duplx,AdjLand,454188
609,4851,3,4,1,1.0,16.0,0,1989,1990,2,3,7765,1022.0,NWAmes,Duplx,Partial,591598
610,4359,5,2,1,0.0,473.0,2,1901,1927,1,2,14866,1593.0,NWAmes,1Fam,Family,534871
611,4251,5,1,0,0.0,209.0,1,1924,1943,4,9,17084,2404.0,SawyerW,TwnhsE,Partial,573915
612,2582,5,2,1,1.0,9.0,0,1915,1936,7,6,3144,1357.0,NridgHt,Duplx,AdjLand,521044
613,4028,1,3,0,1.0,679.0,3,1948,1964,1,6,2921,90.0,ClearCr,Duplx,Normal,509982
614,2232,3,2,1,1.0,40.0,0,1968,1980,10,9,14322,217.0,Gilbert,TwnhsI,AdjLand,423173
615,3587,1,2,0,1.0,99.0,0,1922,1934,6,9,9771,2434.0,ClearCr,Duplx,Partial,520176
616,3378,4,2,0,0.0,0.0,0,1942,1964,3,6,17199,2361.0,Gilbert,TwnhsI,Normal,481435
617,1624,5,2,0,1.0,250.0,1,1994,2000,10,8,2762,2316.0,Blmngtn,Duplx,Abnorml,386184
618,1699,1,3,0,1.0,430.0,2,2015,2025,2,5,7963,379.0,Somerst,2FmCon,Alloca,325806
619,775,4,3,0,0.0,298.0,1,1901,1910,10,3,2155,512.0,NridgHt,TwnhsI,Abnorml,373505
620,1128,5,4,0,0.0,66.0,0,1977,1992,3,6,14624,1183.0,NAmes,TwnhsE,Normal,268275
621,2451,5,3,0,0.0,77.0,0,1903,1932,4,9,17370,692.0,SawyerW,TwnhsE,Normal,380378
622,2650,2,4,0,0.0,629.0,3,1964,1991,5,8,4400,1160.0,Mitchel,2FmCon,Normal,390458
623,1243,1,3,1,1.0,689.0,3,2008,2024,10,5,7493,,Veenker,TwnhsE,Partial,439517
624,2376,5,1,0,0.0,684.0,3,1998,2004,3,9,17150,840.0,Veenker,Duplx,Partial,461893
625,3218,5,2,1,1.0,478.0,2,1928,1956,10,2,2266,,Veenker,1Fam,AdjLand,543990
626,1546,3,2,0,0.0,447.0,2,1931,1940,4,1,19112,1207.0,NoRidge,2FmCon,AdjLand,477162
627,2022,5,1,0,0.0,,3,1996,2006,3,4,17909,2167.0,StoneBr,TwnhsI,AdjLand,542609
628,2153,1,1,0,1.0,466.0,2,2000,2026,7,2,4324,1854.0,Veenker,Duplx,Family,434134
629,2772,4,3,0,0.0,206.0,1,1934,1941,7,9,4070,964.0,NAmes,TwnhsE,Abnorml,385446
630,2148,1,2,1,1.0,288.0,1,1900,1913,4,2,14299,934.0,Timber,1Fam,Alloca,363780
631,3816,5,1,1,0.0,202.0,1,1954,1981,2,5,1686,1751.0,Crawfor,2FmCon,Normal,521338
632,1973,4,2,0,0.0,68.0,0,1976,1985,4,7,10857,517.0,CollgCr,TwnhsI,Family,339398
633,2452,5,1,1,1.0,24.0,0,1954,1972,6,1,2719,2500.0,Somerst,Duplx,Partial,414347
634,2207,3,1,0,1.0,,2,2014,2015,1,1,11332,2608.0,Mitchel,TwnhsI,Partial,364862
635,1323,1,1,1,0.0,672.0,3,2000,2029,1,5,7978,76.0,NridgHt,TwnhsI,Normal,346636
636,3585,1,3,0,1.0,80.0,0,1996,2008,10,9,14570,2912.0,Mitchel,2FmCon,AdjLand,540131
637,1559,2,3,0,0.0,69.0,0,1902,1922,1,1,17793,70.0,NWAmes,TwnhsI,Partial,278057
638,1835,4,2,0,1.0,56.0,0,2004,2019,5,1,10541,1375.0,Veenker,TwnhsE,Family,395360
639,4067,1,3,0,1.0,686.0,3,1992,2005,8,9,13372,2001.0,NWAmes,1Fam,Abnorml,620525
640,4769,5,4,1,1.0,229.0,1,1948,1960,4,6,12606,981.0,ClearCr,1Fam,Partial,672594
641,3518,2,3,1,1.0,,1,1972,1972,5,7,19721,610.0,NAmes,1Fam,Family,473894
642,4623,3,1,1,1.0,29.0,0,2001,2009,1,3,5771,142.0,NoRidge,TwnhsE,Alloca,658321
643,4343,2,4,1,1.0,611.0,3,2011,2022,8,3,5920,2182.0,NoRidge,1Fam,Alloca,800000
644,2664,3,1,0,1.0,287.0,1,1967,1978,7,5,8502,110.0,CollgCr,2FmCon,AdjLand,426147
645,3966,3,1,1,,649.0,3,1905,1913,9,2,15128,1452.0,Mitchel,Duplx,Family,531615
646,1977,1,2,1,0.0,405.0,2,1976,1995,9,4,17506,1178.0,NoRidge,1Fam,Abnorml,605412
647,2572,3,3,1,1.0,82.0,0,1983,2007,4,9,6644,2903.0,NWAmes,2FmCon,Alloca,425631
648,2909,4,1,0,1.0,694.0,3,1907,1933,1,7,3533,2790.0,NAmes,TwnhsE,AdjLand,390653
649,4822,5,2,1,1.0,466.0,2,2000,2029,4,8,12760,2452.0,Crawfor,TwnhsI,Partial,679183
650,4318,2,1,1,0.0,432.0,2,1924,1943,2,5,12555,2192.0,Mitchel,Duplx,Abnorml,498021
651,2701,5,2,0,0.0,85.0,0,2009,2021,6,8,8433,1628.0,NWAmes,TwnhsE,AdjLand,428700
652,3436,5,4,1,0.0,673.0,3,1967,1986,2,4,4909,1047.0,Timber,Duplx,Normal,574132
653,1410,5,2,1,1.0,628.0,3,1939,1942,10,6,17222,499.0,SawyerW,Duplx,Alloca,389664
654,4119,2,1,1,0.0,233.0,1,1907,1931,7,7,17160,2904.0,Gilbert,Duplx,Abnorml,596791
655,2988,5,1,1,1.0,98.0,0,1902,1918,3,8,15329,1154.0,NoRidge,TwnhsI,Partial,565335
656,2897,3,1,0,0.0,695.0,3,1991,1995,10,9,12212,1286.0,CollgCr,1Fam,Abnorml,528177
657,3948,1,1,1,0.0,667.0,3,1946,1958,8,1,6336,423.0,Blmngtn,Duplx,Partial,528768
658,3348,2,3,1,1.0,403.0,2,2003,2012,5,8,8956,830.0,SawyerW,1Fam,Partial,456901
659,826,4,2,0,0.0,422.0,2,1928,1938,2,7,2765,1903.0,NWAmes,TwnhsI,Abnorml,256792
660,1796,1,2,1,1.0,35.0,0,2013,2014,4,7,6121,1279.0,Crawfor,TwnhsE,Family,332534
661,1295,3,3,0,0.0,53.0,0,2015,2015,6,1,9833,1757.0,Veenker,1Fam,Alloca,380450
662,3807,4,3,1,0.0,686.0,3,1912,1922,8,5,9581,634.0,StoneBr,TwnhsE,Partial,728917
663,658,1,1,0,1.0,284.0,1,1979,1988,3,9,2986,246.0,NridgHt,Duplx,Normal,230953
664,1410,3,2,0,1.0,,1,2015,2044,8,9,19215,2656.0,Blmngtn,1Fam,Family,400640
665,3188,2,2,0,1.0,410.0,2,1939,1946,3,3,6462,1296.0,NAmes,TwnhsI,Alloca,377672
666,3626,3,3,0,0.0,27.0,0,1908,1917,3,5,10920,1083.0,NridgHt,2FmCon,AdjLand,638884
667,2764,2,2,1,1.0,23.0,0,2007,2034,5,8,10107,858.0,Gilbert,1Fam,AdjLand,410220
668,4373,5,1,0,1.0,89.0,0,1958,1983,2,9,10185,1973.0,CollgCr,TwnhsE,Normal,528561
669,4635,1,3,1,1.0,201.0,1,1903,1904,5,3,17133,1689.0,StoneBr,2FmCon,Partial,775655
670,1094,5,2,0,0.0,283.0,1,2003,2005,4,8,15306,1167.0,Timber,TwnhsE,Abnorml,355472
671,4786,4,1,0,1.0,65.0,0,1983,1985,3,8,17551,,Veenker,1Fam,AdjLand,679122
672,3264,5,3,1,0.0,210.0,1,1908,1921,8,2,8512,2705.0,Gilbert,TwnhsI,Family,522923
673,3362,5,1,0,0.0,268.0,1,1931,1948,4,1,6405,595.0,Veenker,Duplx,AdjLand,506355
674,927,1,4,0,1.0,458.0,2,1902,1912,7,1,9407,1927.0,SawyerW,Duplx,AdjLand,272387
675,3298,5,3,1,1.0,400.0,2,2017,2017,8,2,11887,,Somerst,TwnhsI,Alloca,647378
676,3765,3,2,0,1.0,622.0,3,1903,1909,7,7,7733,1464.0,NridgHt,Duplx,Family,725283
677,3113,5,2,1,0.0,634.0,3,1997,2015,3,4,10011,90.0,NridgHt,1Fam,Normal,652599
678,880,5,2,1,0.0,221.0,1,1962,1973,9,7,4292,396.0,ClearCr,Duplx,Abnorml,321403
679,2854,3,3,1,1.0,657.0,3,1971,1974,3,1,12301,2003.0,ClearCr,TwnhsE,Abnorml,500937
680,4711,2,1,0,0.0,461.0,2,1999,2018,3,6,14705,2705.0,NWAmes,2FmCon,Alloca,633481
681,3755,1,2,0,1.0,16.0,0,2010,2028,9,7,11252,385.0,Crawfor,1Fam,Partial,520636
682,1118,1,1,1,0.0,212.0,1,1915,1929,4,9,17651,1640.0,StoneBr,1Fam,Alloca,363083
683,4819,2,3,1,1.0,465.0,2,1902,1930,7,3,19920,1490.0,Timber,TwnhsI,Partial,746544
684,4814,5,1,1,1.0,646.0,3,1915,1940,1,5,18253,855.0,CollgCr,1Fam,Family,596407
685,1262,3,2,0,1.0,226.0,1,1983,1984,7,5,3220,1895.0,Somerst,Duplx,Alloca,368519
686,4103,3,3,1,0.0,25.0,0,1969,1996,9,4,17794,2633.0,Gilbert,TwnhsI,Normal,630029
687,2330,2,4,1,1.0,,0,1910,1911,8,6,7673,717.0,Mitchel,2FmCon,Family,369341
688,3171,3,2,1,0.0,85.0,0,1928,1942,6,6,9858,163.0,Somerst,2FmCon,Family,426409
689,2503,4,1,1,,484.0,2,1966,1993,9,8,9121,1077.0,CollgCr,TwnhsE,Normal,468667
690,4021,5,3,0,,455.0,2,1989,2018,3,1,6755,942.0,SawyerW,TwnhsE,Partial,521221
691,4984,4,1,0,1.0,234.0,1,1942,1942,4,2,17728,2181.0,Timber,1Fam,Family,738569
692,4078,4,1,0,1.0,421.0,2,2016,2018,1,6,13301,1610.0,Crawfor,Duplx,Family,568890
693,4691,5,4,1,1.0,,3,2022,2029,7,6,19388,53.0,Veenker,1Fam,Partial,786212
694,4757,3,4,1,0.0,692.0,3,1994,2002,8,9,19162,1019.0,Blmngtn,2FmCon,AdjLand,718414
695,905,5,3,0,1.0,8.0,0,1955,1963,8,7,9265,2205.0,NWAmes,2FmCon,Normal,325975
696,1640,2,3,0,1.0,482.0,2,2007,2019,8,1,14950,1430.0,StoneBr,TwnhsI,AdjLand,552940
697,3748,1,1,0,1.0,630.0,3,1989,1998,2,5,10793,1688.0,StoneBr,TwnhsI,AdjLand,658984
698,3155,3,1,0,0.0,626.0,3,1963,1980,7,8,10654,792.0,NoRidge,TwnhsE,Partial,685638
699,725,1,2,0,1.0,280.0,1,1954,1979,8,8,15183,958.0,NoRidge,TwnhsE,Abnorml,353232
700,927,1,1,1,0.0,296.0,1,2002,2018,3,8,14242,390.0,NoRidge,1Fam,Alloca,308817
701,2842,5,4,1,0.0,699.0,3,1968,1977,5,5,18367,244.0,Gilbert,1Fam,Partial,524163
702,3272,4,1,0,1.0,26.0,0,1922,1939,10,1,15791,110.0,Mitchel,TwnhsE,Abnorml,423639
703,1254,2,2,0,0.0,459.0,2,2022,2040,5,2,13009,1873.0,ClearCr,Duplx,Partial,392114
704,1270,5,3,0,0.0,29.0,0,1908,1934,8,8,18506,,Mitchel,Duplx,Partial,327817
705,1082,1,3,0,1.0,,3,1985,2013,6,4,3394,1721.0,Gilbert,TwnhsE,Abnorml,317436
706,3042,2,1,0,0.0,38.0,0,1980,1988,7,7,15619,2858.0,SawyerW,2FmCon,AdjLand,451511
707,535,4,2,0,1.0,6.0,0,1972,1999,7,1,8757,2091.0,NWAmes,TwnhsE,Family,267366
708,3075,2,2,0,1.0,216.0,1,1906,1930,7,5,9514,1726.0,StoneBr,TwnhsE,Alloca,629503
709,2641,4,3,0,0.0,59.0,0,1960,1963,8,9,15960,350.0,Crawfor,2FmCon,Abnorml,462284
710,2596,5,2,1,1.0,268.0,1,2009,2025,10,3,6561,1466.0,Crawfor,TwnhsE,Partial,499608
711,3556,1,1,0,0.0,227.0,1,1929,1933,3,1,17847,2673.0,Blmngtn,1Fam,AdjLand,489859
712,2851,1,3,0,1.0,255.0,1,1985,1999,10,3,10747,1152.0,NWAmes,2FmCon,Alloca,499563
713,3774,5,4,0,0.0,,2,2005,2006,7,1,7956,2478.0,NridgHt,TwnhsE,Alloca,800000
714,3937,3,2,0,1.0,489.0,2,2017,2025,6,6,7571,2125.0,Gilbert,TwnhsI,Partial,574922
715,4640,3,1,1,1.0,656.0,3,1963,1980,4,2,9287,800.0,SawyerW,1Fam,Abnorml,574515
716,4096,3,2,0,0.0,224.0,1,1938,1947,5,3,18941,423.0,NridgHt,TwnhsE,AdjLand,735077
717,2829,3,4,0,1.0,471.0,2,1986,1986,7,6,3398,50.0,ClearCr,Duplx,Normal,462594
718,2714,4,4,1,1.0,417.0,2,1959,1970,4,3,10897,828.0,Mitchel,TwnhsE,Alloca,399769
719,1560,3,2,0,1.0,13.0,0,1977,1993,3,6,16947,998.0,NoRidge,TwnhsE,Family,452465
720,3198,1,1,0,0.0,435.0,2,1991,2013,9,9,10233,1967.0,StoneBr,1Fam,Alloca,672506
721,1126,4,3,0,0.0,632.0,3,1987,1991,5,9,11971,1717.0,SawyerW,TwnhsE,Partial,326860
722,4690,4,3,0,1.0,214.0,1,1929,1943,7,7,7941,1437.0,StoneBr,2FmCon,Alloca,771875
723,4302,1,4,1,0.0,5.0,0,1992,1997,1,9,4019,2168.0,Gilbert,1Fam,AdjLand,505436
724,1038,2,1,1,0.0,294.0,1,1966,1970,1,7,13329,2310.0,Mitchel,Duplx,AdjLand,225818
725,4036,4,2,0,,267.0,1,2014,2017,9,1,18519,2140.0,Crawfor,1Fam,Family,642628
726,1026,4,2,0,0.0,471.0,2,1981,2003,2,9,11120,2691.0,Crawfor,TwnhsE,Abnorml,327191
727,3745,1,1,0,0.0,606.0,3,2009,2036,8,6,9492,1079.0,ClearCr,Duplx,Alloca,567418
728,894,1,4,1,0.0,479.0,2,2020,2039,10,1,3887,2470.0,Somerst,Duplx,Alloca,396470
729,2696,3,1,1,1.0,36.0,0,2022,2033,5,6,18977,1262.0,Somerst,1Fam,AdjLand,501086
730,3460,3,3,0,1.0,,1,1991,2019,9,3,17580,552.0,CollgCr,TwnhsE,Normal,561737
731,3779,5,4,1,1.0,449.0,2,1973,1987,5,5,18186,437.0,Mitchel,1Fam,Alloca,527944
732,2383,3,3,0,0.0,224.0,1,1914,1929,10,6,8141,274.0,NAmes,2FmCon,Abnorml,382367
733,4647,5,3,1,,426.0,2,1947,1966,3,1,13068,2866.0,SawyerW,2FmCon,Family,623956
734,3984,2,1,0,1.0,414.0,2,1958,1977,5,4,9502,508.0,NridgHt,TwnhsE,Alloca,687262
735,1437,3,3,0,,282.0,1,1996,2010,4,1,5841,2505.0,Veenker,Duplx,Partial,398293
736,3520,1,2,1,1.0,442.0,2,1972,1986,8,2,5304,2350.0,NWAmes,TwnhsI,Partial,524587
737,3787,3,1,1,0.0,278.0,1,1954,1963,1,2,8601,1317.0,CollgCr,TwnhsI,Normal,512119
738,2001,1,2,0,1.0,82.0,0,1918,1938,9,8,11737,2741.0,Somerst,TwnhsE,Partial,448388
739,3822,3,2,1,1.0,,1,1988,2008,1,4,3757,2724.0,Veenker,1Fam,Normal,541530
740,4542,2,2,0,0.0,233.0,1,1953,1966,4,1,14488,2776.0,NridgHt,TwnhsE,Family,800000
741,4177,1,1,0,0.0,12.0,0,1904,1925,6,7,9968,1490.0,Veenker,2FmCon,AdjLand,552098
742,3931,1,2,1,0.0,600.0,3,1934,1938,2,5,17801,894.0,ClearCr,TwnhsI,Abnorml,558658
743,3355,3,2,1,0.0,498.0,2,2008,2020,5,2,6657,131.0,ClearCr,TwnhsI,Alloca,475441
744,1717,5,2,0,1.0,66.0,0,1914,1943,10,6,2454,2521.0,CollgCr,1Fam,Normal,380715
745,4078,1,3,1,1.0,645.0,3,1949,1971,9,3,7273,2618.0,Veenker,1Fam,AdjLand,696789
746,2138,3,2,1,1.0,620.0,3,1962,1983,1,6,19506,1608.0,Timber,TwnhsE,Normal,471297
747,2894,2,3,0,,59.0,0,1910,1935,6,9,7456,212.0,Mitchel,1Fam,Normal,374251
748,1914,5,1,1,0.0,54.0,0,1920,1938,6,3,14520,2468.0,ClearCr,TwnhsI,Abnorml,429704
749,1908,3,4,0,0.0,222.0,1,2015,2034,1,7,17100,894.0,Timber,Duplx,Abnorml,423750
750,1209,5,2,1,1.0,401.0,2,1972,1986,7,1,6759,1645.0,Blmngtn,Duplx,Alloca,357903
751,4825,2,1,0,1.0,446.0,2,1925,1949,6,4,13388,1978.0,CollgCr,TwnhsI,Family,630483
752,1165,1,1,0,0.0,250.0,1,1920,1941,7,9,5282,437.0,CollgCr,2FmCon,Alloca,267791
753,888,3,3,0,1.0,479.0,2,1952,1967,3,1,8200,188.0,Timber,Duplx,Alloca,300471
754,4712,4,4,0,0.0,39.0,0,1989,1992,3,9,6977,237.0,Gilbert,TwnhsI,AdjLand,558622
755,2997,5,1,0,1.0,409.0,2,1989,2013,8,1,13939,2877.0,StoneBr,1Fam,Partial,718229
756,2470,5,3,1,0.0,688.0,3,1924,1933,8,5,17700,2871.0,SawyerW,1Fam,Abnorml,540788
757,3818,5,3,0,0.0,441.0,2,1989,1999,2,2,6169,1280.0,ClearCr,1Fam,Family,556446
758,2224,4,1,0,0.0,272.0,1,2010,2013,3,1,6890,1277.0,ClearCr,2FmCon,AdjLand,388863
759,1075,2,2,0,1.0,,1,1927,1933,6,4,16687,1220.0,Somerst,1Fam,AdjLand,336791
760,3783,3,3,0,0.0,603.0,3,1903,1906,9,6,10062,,ClearCr,1Fam,Normal,602850
761,1291,1,4,0,0.0,2.0,0,2017,2019,3,7,10991,1631.0,Blmngtn,TwnhsI,Partial,298730
762,2988,3,3,1,1.0,278.0,1,1964,1964,3,3,14556,1068.0,Crawfor,Duplx,Alloca,482364
763,4770,2,1,0,1.0,24.0,0,1995,2003,9,5,4045,1848.0,NridgHt,2FmCon,Partial,800000
764,4712,1,1,1,0.0,679.0,3,1939,1961,7,2,17631,1136.0,CollgCr,Duplx,AdjLand,674946
765,2123,2,2,1,1.0,294.0,1,1936,1961,10,7,8256,1889.0,Veenker,TwnhsI,Alloca,483838
766,4011,3,1,0,1.0,666.0,3,1927,1933,8,2,13683,2834.0,NridgHt,Duplx,Normal,800000
767,3257,2,2,1,0.0,498.0,2,1926,1938,10,8,9495,617.0,SawyerW,Duplx,Family,492076
768,2657,5,1,0,1.0,492.0,2,1958,1982,2,2,15432,188.0,Veenker,TwnhsI,Alloca,446382
769,1129,3,1,1,0.0,472.0,2,1913,1934,3,6,12814,1579.0,CollgCr,1Fam,Partial,306223
770,2193,5,1,1,1.0,80.0,0,2003,2030,3,3,4706,357.0,StoneBr,Duplx,Alloca,411068
771,3433,4,2,1,0.0,460.0,2,1962,1974,1,9,4975,694.0,Somerst,TwnhsE,Normal,476884
772,4939,1,3,1,0.0,421.0,2,2012,2017,8,3,17732,2368.0,Somerst,Duplx,Abnorml,774055
773,522,2,1,0,1.0,610.0,3,1961,1965,7,9,11112,1253.0,StoneBr,TwnhsI,Normal,362290
774,3729,4,4,0,1.0,438.0,2,1937,1958,1,8,6600,1648.0,NAmes,TwnhsI,AdjLand,445963
775,4308,3,1,1,1.0,647.0,3,1963,1963,2,5,4150,2328.0,Veenker,2FmCon,Family,630211
776,4780,2,1,0,0.0,634.0,3,1918,1931,2,5,3874,385.0,CollgCr,TwnhsI,AdjLand,545016
777,2407,3,2,1,1.0,410.0,2,2001,2011,5,4,18518,1435.0,CollgCr,2FmCon,Alloca,486402
778,1033,5,3,0,1.0,250.0,1,1988,2015,5,4,19560,103.0,ClearCr,2FmCon,Normal,345167
779,1719,2,1,0,1.0,49.0,0,1918,1947,3,5,8779,1497.0,CollgCr,TwnhsI,Family,279899
780,4327,1,1,0,0.0,295.0,1,1971,1985,10,2,5230,672.0,CollgCr,1Fam,Abnorml,581224
781,4450,2,3,1,,695.0,3,1966,1983,3,3,9249,2733.0,NridgHt,2FmCon,AdjLand,800000
782,3366,5,3,0,1.0,61.0,0,1924,1935,6,8,4028,782.0,Gilbert,TwnhsE,Alloca,475806
783,1052,4,2,0,0.0,285.0,1,1915,1938,5,9,11668,600.0,NridgHt,Duplx,Family,377283
784,1048,5,3,1,0.0,431.0,2,1993,2001,4,1,13081,42.0,ClearCr,TwnhsI,Family,350594
785,2651,5,3,0,1.0,96.0,0,1932,1954,9,7,19727,399.0,Somerst,2FmCon,AdjLand,518984
786,3147,1,2,0,1.0,694.0,3,1963,1990,10,3,7398,648.0,ClearCr,Duplx,AdjLand,522729
787,645,2,2,0,0.0,412.0,2,1930,1935,1,6,5159,684.0,NridgHt,1Fam,Partial,255400
788,3587,1,1,0,0.0,70.0,0,1980,1986,5,6,3966,2214.0,Gilbert,2FmCon,AdjLand,470275
789,2950,1,2,0,1.0,45.0,0,1906,1917,2,8,8477,2662.0,ClearCr,1Fam,Alloca,413208
790,555,5,3,1,,426.0,2,1944,1968,5,7,12620,2566.0,NoRidge,TwnhsE,AdjLand,467096
791,930,5,1,0,0.0,641.0,3,1967,1986,7,8,2732,2869.0,NoRidge,2FmCon,AdjLand,501277
792,2544,1,4,0,1.0,690.0,3,1954,1959,5,8,15541,2694.0,CollgCr,TwnhsE,Partial,496829
793,3751,4,4,0,1.0,692.0,3,1975,1986,4,6,10011,1366.0,Blmngtn,2FmCon,Abnorml,599894
794,4214,3,1,0,0.0,34.0,0,1922,1941,4,4,16174,1169.0,CollgCr,Duplx,Normal,538797
795,2440,1,2,0,1.0,446.0,2,1954,1982,3,4,10076,1947.0,Gilbert,TwnhsI,Partial,378672
796,1829,5,1,1,1.0,51.0,0,1993,2006,4,4,4376,958.0,NWAmes,TwnhsI,Partial,302227
797,4857,5,2,1,1.0,73.0,0,1941,1943,4,4,1897,1811.0,Mitchel,1Fam,AdjLand,561336
798,2563,3,1,0,1.0,447.0,2,1919,1922,7,3,11802,2999.0,NAmes,TwnhsE,Family,452182
799,1919,4,2,0,0.0,239.0,1,2004,2004,1,3,11479,594.0,Mitchel,TwnhsI,Alloca,318804
800,2490,2,2,1,1.0,492.0,2,1995,1998,1,6,16553,2308.0,NWAmes,TwnhsE,Alloca,443783
801,554,4,3,0,0.0,637.0,3,1983,1995,6,3,17729,2806.0,ClearCr,1Fam,AdjLand,410810
802,1858,3,3,0,1.0,26.0,0,1998,2006,7,4,4480,1612.0,Crawfor,TwnhsE,Family,399901
803,2819,5,1,0,1.0,432.0,2,1995,2004,3,7,7321,1068.0,Blmngtn,TwnhsE,Family,443562
804,4632,1,3,0,1.0,633.0,3,1991,2013,3,3,5342,764.0,StoneBr,TwnhsE,Normal,750530
805,3822,1,3,1,0.0,255.0,1,1962,1976,7,1,3474,503.0,Gilbert,Duplx,AdjLand,504059
806,4015,5,3,1,1.0,466.0,2,1902,1923,4,1,1544,963.0,CollgCr,Duplx,AdjLand,524258
807,2952,2,2,0,0.0,213.0,1,1973,1989,8,7,3022,2239.0,Crawfor,TwnhsE,Family,512473
808,997,2,4,0,0.0,688.0,3,1933,1939,2,9,11205,,SawyerW,Duplx,AdjLand,308979
809,2259,4,2,0,1.0,25.0,0,1995,2023,2,7,4309,664.0,Gilbert,TwnhsE,Normal,325581
810,4986,1,3,1,1.0,611.0,3,1957,1971,6,1,5101,1626.0,Mitchel,TwnhsE,Abnorml,593497
811,698,3,1,0,0.0,666.0,3,2011,2036,4,6,3679,2427.0,NAmes,2FmCon,Normal,274793
812,4456,2,1,0,1.0,620.0,3,1973,1975,8,3,14898,41.0,SawyerW,TwnhsE,Abnorml,565161
813,3580,1,2,1,1.0,275.0,1,1967,1992,6,3,13260,61.0,Veenker,TwnhsE,Normal,511073
814,1777,5,2,1,0.0,494.0,2,2013,2034,4,9,19300,2878.0,StoneBr,Duplx,Alloca,601709
815,4000,1,3,0,,269.0,1,1958,1965,2,8,3562,2244.0,Veenker,TwnhsE,Partial,556980
816,4266,1,2,0,0.0,277.0,1,1946,1969,2,7,5361,1726.0,Gilbert,1Fam,Alloca,500256
817,694,4,4,0,0.0,649.0,3,1945,1967,8,5,9930,2718.0,SawyerW,2FmCon,Family,351716
818,978,5,2,1,0.0,434.0,2,2007,2033,3,6,13508,1767.0,Mitchel,TwnhsE,AdjLand,322207
819,3495,1,2,1,1.0,461.0,2,1993,1999,6,9,3906,,Gilbert,TwnhsI,Partial,513844
820,4995,4,4,1,1.0,35.0,0,1920,1946,9,6,5418,634.0,Gilbert,TwnhsE,Abnorml,622503
821,607,3,2,0,0.0,687.0,3,1960,1982,9,6,9297,2431.0,NAmes,TwnhsE,Alloca,299155
822,3495,5,3,0,0.0,446.0,2,1945,1955,3,1,1833,2294.0,Gilbert,2FmCon,AdjLand,501353
823,1114,1,4,0,1.0,,3,1979,1989,2,9,8812,886.0,StoneBr,TwnhsE,Alloca,384522
824,3425,5,4,0,1.0,67.0,0,1906,1913,8,8,15533,2211.0,Crawfor,2FmCon,Normal,589940
825,3304,4,2,0,1.0,418.0,2,1987,2001,7,4,11242,2181.0,Somerst,1Fam,Normal,600127
826,906,5,2,0,1.0,456.0,2,1991,2017,4,3,9529,285.0,Blmngtn,2FmCon,Normal,284261
827,3563,2,1,0,1.0,475.0,2,1927,1952,6,9,10526,481.0,Blmngtn,TwnhsE,Alloca,492912
828,4536,5,2,1,1.0,77.0,0,1918,1922,2,9,19015,1784.0,Veenker,TwnhsI,AdjLand,642409
829,4385,4,4,1,0.0,222.0,1,1977,1980,8,4,11128,1870.0,Veenker,Duplx,Abnorml,723609
830,630,1,2,0,0.0,205.0,1,1931,1932,8,3,11384,1974.0,NridgHt,TwnhsI,Abnorml,364993
831,1606,5,2,0,0.0,419.0,2,2015,2033,3,8,18720,1119.0,Veenker,TwnhsE,AdjLand,461608
832,1583,4,1,1,1.0,81.0,0,1995,2004,5,6,4413,2506.0,SawyerW,Duplx,Family,317284
833,2539,2,2,0,1.0,226.0,1,2017,2039,4,9,3275,1336.0,Blmngtn,TwnhsI,Family,396955
834,1143,3,1,0,1.0,405.0,2,1965,1987,1,5,9820,618.0,NAmes,Duplx,Partial,234098
835,4344,2,4,1,0.0,59.0,0,2015,2020,2,5,7393,,Mitchel,Duplx,Alloca,472047
836,3995,3,2,0,0.0,688.0,3,1901,1921,10,2,5253,2632.0,SawyerW,TwnhsE,Normal,589024
837,4137,5,1,0,1.0,422.0,2,1935,1957,5,6,3710,2121.0,StoneBr,TwnhsE,Family,713810
838,1391,5,1,1,0.0,4.0,0,1900,1929,2,4,17743,1384.0,Somerst,Duplx,Normal,291696
839,565,2,3,1,1.0,14.0,0,1983,2004,1,2,12864,627.0,NoRidge,Duplx,Partial,287368
840,4597,5,4,0,0.0,612.0,3,1962,1972,4,8,14281,289.0,NridgHt,TwnhsI,Alloca,800000
841,1800,3,3,1,1.0,220.0,1,1935,1964,10,4,3684,458.0,Timber,1Fam,Family,444072
842,3453,4,1,0,1.0,618.0,3,1937,1945,4,2,7812,316.0,Veenker,1Fam,Abnorml,527854
843,4592,4,1,1,0.0,263.0,1,1979,2003,10,9,12985,1588.0,NoRidge,Duplx,AdjLand,800000
844,662,3,1,1,0.0,222.0,1,1922,1933,5,9,11264,,SawyerW,1Fam,Abnorml,189047
845,524,3,3,1,1.0,254.0,1,1963,1991,8,5,14355,383.0,Crawfor,2FmCon,Normal,283789
846,524,3,3,1,0.0,440.0,2,1975,1998,8,3,13885,848.0,Blmngtn,Duplx,Partial,333161
847,1203,5,3,1,1.0,65.0,0,1929,1946,1,2,9146,2098.0,Blmngtn,Duplx,AdjLand,351998
848,732,2,1,0,0.0,265.0,1,1928,1934,1,6,15982,1489.0,NAmes,2FmCon,Abnorml,212920
849,4189,2,1,1,0.0,259.0,1,1943,1948,10,6,6303,461.0,StoneBr,2FmCon,Family,717052
850,3226,2,4,0,0.0,89.0,0,1972,2000,10,6,2982,2246.0,Somerst,TwnhsE,AdjLand,572465
851,4910,1,4,0,0.0,219.0,1,1931,1955,2,7,18397,,Veenker,TwnhsI,Partial,659415
852,4106,2,3,0,0.0,452.0,2,1946,1961,7,5,1916,560.0,CollgCr,TwnhsE,Partial,568285
853,4834,1,1,0,0.0,439.0,2,1966,1992,10,7,6747,2073.0,Crawfor,Duplx,Partial,662349
854,1573,1,1,1,1.0,53.0,0,1922,1945,10,6,3617,2977.0,NWAmes,1Fam,Normal,322303
855,1795,4,1,0,1.0,613.0,3,1969,1980,3,8,5788,1620.0,CollgCr,2FmCon,AdjLand,343836
856,4322,1,3,0,0.0,631.0,3,1916,1940,9,7,8807,484.0,Timber,Duplx,Alloca,677375
857,1601,3,3,0,0.0,494.0,2,1917,1940,7,1,3897,928.0,CollgCr,2FmCon,Partial,354014
858,757,4,3,1,1.0,680.0,3,1929,1943,10,6,10134,1798.0,NAmes,TwnhsE,Partial,330806
859,3511,4,1,1,1.0,242.0,1,1935,1935,2,9,18655,2998.0,CollgCr,2FmCon,Family,537418
860,4104,3,3,1,0.0,611.0,3,1903,1925,7,6,4024,2786.0,CollgCr,TwnhsI,AdjLand,608376
861,4856,1,1,0,1.0,464.0,2,2018,2028,1,5,18641,2799.0,StoneBr,2FmCon,Abnorml,798511
862,4675,5,3,1,0.0,430.0,2,1937,1947,4,6,9106,,NoRidge,Duplx,Normal,800000
863,1041,5,4,0,1.0,32.0,0,1998,2019,1,6,12460,1724.0,Timber,TwnhsE,Alloca,319002
864,3974,4,3,0,1.0,409.0,2,2010,2034,5,4,9670,1943.0,NoRidge,2FmCon,AdjLand,800000
865,4307,1,4,1,1.0,628.0,3,1998,2000,9,9,7357,2201.0,ClearCr,TwnhsE,AdjLand,680463
866,3641,1,3,0,1.0,621.0,3,2002,2026,7,1,3518,2146.0,Mitchel,Duplx,Abnorml,527145
867,4189,2,2,1,0.0,203.0,1,1912,1920,4,8,12476,1916.0,ClearCr,TwnhsE,Abnorml,585471
868,4270,1,2,0,1.0,58.0,0,1945,1961,5,2,18458,402.0,Blmngtn,Duplx,Partial,506535
869,2509,5,4,1,1.0,496.0,2,1991,2017,4,2,11134,,SawyerW,TwnhsI,Alloca,470540
870,680,2,3,0,0.0,,0,1970,1976,8,6,12584,28.0,NWAmes,TwnhsE,Abnorml,276790
871,2552,2,1,1,0.0,5.0,0,1900,1906,3,6,13409,1277.0,Blmngtn,1Fam,AdjLand,343843
872,1408,5,4,0,1.0,410.0,2,1969,1998,1,9,8687,1302.0,NWAmes,Duplx,Family,329201
873,1011,5,1,1,0.0,654.0,3,1998,2009,6,3,3731,,Veenker,TwnhsI,Abnorml,402293
874,1062,2,3,1,1.0,282.0,1,2001,2029,9,1,10877,268.0,ClearCr,2FmCon,Abnorml,355985
875,3638,2,1,0,0.0,230.0,1,1947,1957,5,3,17575,1427.0,Somerst,Duplx,Abnorml,554138
876,2770,3,3,0,0.0,211.0,1,1929,1947,3,5,7312,1073.0,NWAmes,TwnhsE,Family,383706
877,2929,4,2,1,0.0,209.0,1,1938,1953,1,4,17622,293.0,ClearCr,2FmCon,AdjLand,427788
878,3853,5,2,0,1.0,60.0,0,1936,1965,10,3,17305,671.0,NAmes,Duplx,Family,520240
879,2967,5,3,0,1.0,435.0,2,1942,1958,8,9,6028,1266.0,StoneBr,Duplx,Family,640285
880,3335,5,3,1,0.0,435.0,2,1937,1952,2,6,12137,2749.0,StoneBr,1Fam,Partial,660852
881,887,1,2,0,1.0,223.0,1,1956,1969,1,7,15329,1164.0,Gilbert,1Fam,Normal,248615
882,4330,2,4,1,0.0,289.0,1,1905,1916,2,7,10655,2640.0,NWAmes,Duplx,Abnorml,566345
883,2519,3,2,1,1.0,637.0,3,1933,1946,4,4,14438,2201.0,Gilbert,1Fam,AdjLand,444266
884,1198,1,1,0,1.0,70.0,0,1938,1951,9,7,18351,2456.0,Veenker,TwnhsI,Partial,382650
885,4159,2,1,0,0.0,74.0,0,1918,1940,2,9,13104,2561.0,NoRidge,Duplx,Normal,702743
886,3805,1,1,1,1.0,5.0,0,2007,2008,9,7,17002,2141.0,Veenker,TwnhsE,Family,618616
887,738,5,3,1,0.0,624.0,3,1983,1998,1,3,16317,2200.0,ClearCr,2FmCon,Abnorml,317440
888,1368,1,2,1,1.0,289.0,1,2012,2028,8,8,16536,462.0,ClearCr,2FmCon,AdjLand,357484
889,570,1,2,1,0.0,88.0,0,1969,1991,3,3,17268,2151.0,Mitchel,Duplx,Family,219230
890,1718,1,2,0,1.0,641.0,3,1913,1932,10,1,5673,145.0,SawyerW,TwnhsE,AdjLand,319109
891,949,1,3,0,,15.0,0,2011,2023,5,4,1839,2212.0,NWAmes,2FmCon,Alloca,275857
892,3694,3,3,1,,229.0,1,1956,1959,3,5,4332,1961.0,NoRidge,2FmCon,Normal,706767
893,2851,2,1,1,,94.0,0,1984,1995,3,5,6118,2270.0,NridgHt,1Fam,Alloca,550102
894,4910,5,1,0,1.0,467.0,2,1946,1953,9,3,14266,1926.0,ClearCr,Duplx,Family,726204
895,3872,2,2,0,0.0,407.0,2,1960,1966,5,3,10933,1106.0,Blmngtn,TwnhsE,Family,507835
896,3251,3,2,0,1.0,671.0,3,1960,1981,4,9,10169,1108.0,Gilbert,Duplx,Normal,494127
897,2791,4,3,1,0.0,214.0,1,1935,1949,8,3,1667,1788.0,Veenker,2FmCon,Abnorml,519770
898,745,4,3,0,0.0,230.0,1,1968,1991,6,8,14148,1418.0,NridgHt,2FmCon,Normal,419009
899,815,4,3,0,1.0,648.0,3,1990,1994,7,3,8238,1021.0,Veenker,2FmCon,Family,405220
900,3273,2,3,0,0.0,635.0,3,1902,1931,5,1,15571,1467.0,NWAmes,2FmCon,Abnorml,483521
901,519,3,2,1,0.0,69.0,0,1916,1930,1,1,3586,1609.0,NAmes,2FmCon,AdjLand,107092
902,690,5,3,1,1.0,415.0,2,2003,2010,1,3,6963,719.0,NAmes,TwnhsI,Partial,210546
903,1486,5,3,1,0.0,687.0,3,1970,1980,1,8,2511,1914.0,CollgCr,2FmCon,Alloca,353783
904,4478,4,3,1,0.0,459.0,2,2019,2044,6,5,6766,942.0,NridgHt,2FmCon,Family,800000
905,2565,4,1,1,1.0,,2,1974,1995,6,7,18582,803.0,NAmes,TwnhsE,Abnorml,394349
906,3693,5,3,0,1.0,95.0,0,1980,1985,8,9,10580,1255.0,StoneBr,TwnhsI,Alloca,690979
907,2352,4,1,1,0.0,47.0,0,2010,2039,9,1,9631,309.0,Veenker,Duplx,Abnorml,450805
908,1279,5,3,1,0.0,41.0,0,1981,1984,2,1,6560,1809.0,NAmes,TwnhsE,Abnorml,256502
909,2170,1,3,1,1.0,,0,1940,1948,10,9,6400,2200.0,Crawfor,1Fam,Normal,449928
910,912,2,3,0,1.0,699.0,3,1964,1985,10,6,13844,2867.0,StoneBr,Duplx,Partial,518487
911,3966,1,4,0,0.0,484.0,2,1928,1943,7,6,19725,850.0,Crawfor,1Fam,AdjLand,597222
912,1325,1,2,0,1.0,617.0,3,1941,1954,6,4,15314,1615.0,NridgHt,1Fam,Alloca,465780
913,2193,3,1,0,1.0,294.0,1,1983,2010,2,8,15134,1510.0,Veenker,Duplx,Family,412464
914,4910,2,3,1,1.0,679.0,3,1918,1941,2,6,10232,2193.0,NAmes,2FmCon,AdjLand,562141
915,3163,3,3,0,1.0,42.0,0,1982,2010,1,3,3324,1874.0,Veenker,1Fam,Partial,477232
916,2563,3,1,0,1.0,692.0,3,1971,1979,7,6,14890,2421.0,Mitchel,1Fam,Abnorml,460036
917,2943,4,1,0,0.0,55.0,0,1937,1962,5,1,16461,2551.0,CollgCr,TwnhsE,Family,480130
918,4028,5,1,1,0.0,68.0,0,1905,1911,2,3,10943,340.0,Blmngtn,Duplx,Partial,450991
919,1645,5,3,0,1.0,18.0,0,1986,2010,2,2,3192,1065.0,Gilbert,2FmCon,Alloca,296171
920,3363,2,2,0,,610.0,3,2001,2017,1,8,14688,1959.0,CollgCr,TwnhsI,AdjLand,517073
921,4427,2,4,0,1.0,252.0,1,1989,2006,7,7,18539,1631.0,NoRidge,2FmCon,Family,800000
922,3075,4,4,1,,232.0,1,1951,1954,7,1,5661,1446.0,Mitchel,TwnhsI,Family,436614
923,2509,1,2,0,0.0,298.0,1,1980,2006,7,9,4449,519.0,Crawfor,2FmCon,Alloca,401090
924,1153,3,3,0,1.0,608.0,3,1951,1959,2,8,15168,1717.0,Blmngtn,1Fam,AdjLand,334217
925,1617,3,2,1,0.0,276.0,1,1944,1961,1,4,7638,2221.0,CollgCr,1Fam,Normal,310334
926,4757,1,1,0,1.0,60.0,0,1940,1944,2,2,14729,115.0,Blmngtn,2FmCon,Normal,521992
927,2935,4,2,0,0.0,287.0,1,1925,1952,8,4,14508,1774.0,Somerst,1Fam,AdjLand,529453
928,1856,2,3,1,1.0,299.0,1,2019,2028,8,6,6432,2718.0,SawyerW,1Fam,Alloca,406152
929,2382,1,1,0,1.0,487.0,2,1981,2003,3,6,2281,1721.0,Timber,2FmCon,Alloca,425201
930,3101,4,1,1,1.0,637.0,3,1921,1943,1,4,11785,2858.0,Blmngtn,TwnhsI,Abnorml,511760
931,2918,1,1,1,,69.0,0,2006,2022,4,1,9043,1057.0,CollgCr,2FmCon,AdjLand,427296
932,3648,4,3,0,1.0,616.0,3,1918,1921,9,6,17323,10.0,Crawfor,2FmCon,Family,599239
933,1658,1,4,0,0.0,48.0,0,1973,1981,2,7,8122,2046.0,NoRidge,TwnhsI,Normal,440904
934,3421,3,3,1,1.0,,2,1920,1938,8,3,6116,638.0,Somerst,2FmCon,Partial,546577
935,2492,5,2,0,0.0,,1,1944,1960,5,6,17413,29.0,NoRidge,TwnhsI,Family,568913
936,4732,2,3,0,1.0,257.0,1,1980,1997,2,6,15115,540.0,Crawfor,TwnhsE,Abnorml,583852
937,1210,4,4,1,0.0,212.0,1,2022,2029,10,5,12939,2802.0,Gilbert,TwnhsI,Abnorml,456482
938,1167,4,3,0,0.0,256.0,1,2022,2038,6,1,19148,2343.0,Crawfor,Duplx,Partial,418865
939,2577,5,2,0,1.0,640.0,3,2010,2012,7,3,15985,825.0,NWAmes,Duplx,Alloca,486130
940,2787,1,2,0,0.0,622.0,3,1928,1942,1,4,17525,1794.0,Somerst,2FmCon,Abnorml,445578
941,3608,4,3,1,0.0,656.0,3,1911,1913,4,8,16281,1018.0,Veenker,Duplx,Alloca,601493
942,2318,5,2,1,1.0,275.0,1,2011,2030,7,8,8928,532.0,ClearCr,TwnhsE,Abnorml,422962
943,4611,4,3,1,1.0,461.0,2,2013,2030,7,8,2653,2965.0,Timber,TwnhsI,Partial,755466
944,2633,1,4,1,0.0,208.0,1,1934,1959,1,5,12733,2441.0,SawyerW,1Fam,AdjLand,388690
945,1082,5,1,1,,656.0,3,1902,1915,7,3,15650,1090.0,SawyerW,1Fam,Normal,326615
946,1036,1,3,1,0.0,462.0,2,1979,1983,10,5,19847,1060.0,ClearCr,1Fam,Alloca,430516
947,4880,3,2,0,1.0,268.0,1,1909,1916,8,8,14109,2446.0,NWAmes,TwnhsE,Alloca,651516
948,1103,3,2,1,,242.0,1,1904,1928,3,6,12016,1382.0,NoRidge,1Fam,Family,396152
949,4765,3,1,1,1.0,209.0,1,2015,2043,10,6,12150,1130.0,StoneBr,TwnhsI,Abnorml,800000
950,1751,3,2,0,1.0,412.0,2,1960,1961,7,4,3628,1161.0,Veenker,2FmCon,Partial,413823
951,920,1,2,1,0.0,433.0,2,1913,1933,1,7,1636,1340.0,Somerst,2FmCon,Family,243430
952,1871,3,1,0,1.0,,1,1980,1994,2,8,2340,1564.0,Timber,TwnhsI,Normal,333272
953,3266,5,3,1,,673.0,3,1945,1952,10,7,18240,120.0,Crawfor,TwnhsE,Partial,588446
954,2425,3,1,0,1.0,667.0,3,1965,1980,3,4,16120,1440.0,NWAmes,Duplx,Partial,427827
955,4035,2,2,1,1.0,231.0,1,2010,2038,1,8,6313,1319.0,ClearCr,TwnhsI,Partial,520804
956,3249,5,1,1,1.0,644.0,3,1929,1934,5,9,9337,823.0,ClearCr,TwnhsE,Partial,517533
957,2303,1,1,1,1.0,4.0,0,1979,2004,6,8,10446,1066.0,NoRidge,TwnhsE,Alloca,504198
958,3355,3,2,0,1.0,679.0,3,2001,2003,6,8,6066,1273.0,Veenker,2FmCon,Abnorml,564857
959,4871,3,4,0,0.0,235.0,1,1952,1973,7,3,9319,1098.0,SawyerW,TwnhsI,Family,633314
960,2353,3,4,1,0.0,,2,2019,2021,10,4,7931,2725.0,SawyerW,TwnhsE,Family,487955
961,1190,5,2,1,1.0,244.0,1,1955,1956,8,3,14353,1585.0,NridgHt,TwnhsI,Abnorml,494070
962,2339,3,2,1,0.0,228.0,1,1956,1957,1,4,15511,1508.0,NoRidge,TwnhsI,Family,536588
963,4280,5,4,0,,216.0,1,2008,2032,1,7,3320,788.0,SawyerW,Duplx,Abnorml,489358
964,1479,1,1,1,0.0,495.0,2,1978,1995,1,7,10107,2749.0,StoneBr,2FmCon,Normal,396239
965,4771,4,4,0,0.0,11.0,0,2006,2026,4,1,19837,69.0,CollgCr,TwnhsI,Partial,621430
966,3147,3,1,0,0.0,694.0,3,1997,2001,4,7,17567,1650.0,SawyerW,TwnhsI,Alloca,496110
967,3207,2,1,0,1.0,611.0,3,1987,2014,10,2,16184,506.0,NWAmes,1Fam,Family,518606
968,1926,2,2,0,1.0,409.0,2,1929,1953,4,2,15096,2306.0,CollgCr,TwnhsE,AdjLand,396864
969,4642,4,1,1,0.0,490.0,2,1949,1963,1,5,1580,1134.0,Somerst,TwnhsE,Alloca,544253
970,662,4,3,1,0.0,494.0,2,2006,2032,9,3,19519,880.0,NWAmes,TwnhsE,Abnorml,391544
971,1844,4,3,0,1.0,89.0,0,1975,1979,3,9,15100,173.0,Gilbert,TwnhsI,Family,336362
972,2382,1,2,1,1.0,477.0,2,1934,1942,10,2,17937,2371.0,SawyerW,2FmCon,AdjLand,473002
973,2647,3,3,0,0.0,49.0,0,1940,1941,8,2,18314,1189.0,Crawfor,TwnhsI,Normal,481961
974,2633,5,3,0,1.0,410.0,2,1995,1999,9,7,6209,792.0,NAmes,TwnhsE,Normal,435078
975,1165,1,3,0,0.0,259.0,1,1921,1946,9,3,1755,2532.0,NWAmes,1Fam,Abnorml,353295
976,1515,3,3,1,0.0,451.0,2,1913,1925,2,7,13692,58.0,NoRidge,Duplx,Normal,381650
977,928,3,3,0,1.0,673.0,3,1994,2013,7,7,9991,1406.0,Veenker,1Fam,Abnorml,392982
978,3076,5,1,1,1.0,3.0,0,1935,1961,5,2,1880,482.0,NWAmes,TwnhsI,Family,366054
979,2078,2,4,0,1.0,407.0,2,1994,2016,7,6,6509,380.0,NridgHt,TwnhsE,Abnorml,527779
980,3045,3,3,0,1.0,,1,1965,1976,8,5,19835,64.0,Gilbert,TwnhsI,AdjLand,482441
981,3153,4,4,1,1.0,285.0,1,2022,2032,6,1,8222,561.0,Somerst,TwnhsE,Family,521861
982,3659,1,4,1,1.0,493.0,2,1964,1967,4,7,6328,2841.0,Timber,2FmCon,Abnorml,615458
983,2961,5,1,0,1.0,656.0,3,2006,2030,10,8,13609,1336.0,CollgCr,Duplx,Alloca,534991
984,3415,5,2,0,1.0,36.0,0,2004,2033,7,9,13798,2999.0,Mitchel,TwnhsI,Partial,521447
985,3142,4,1,1,0.0,647.0,3,1926,1941,9,1,7643,801.0,Mitchel,1Fam,Abnorml,462707
986,3435,4,1,1,1.0,650.0,3,2022,2036,3,2,17209,2286.0,ClearCr,TwnhsI,Family,565837
987,3274,4,4,0,1.0,461.0,2,1991,2016,9,8,12235,268.0,NoRidge,Duplx,AdjLand,781121
988,1922,4,4,0,1.0,422.0,2,1913,1923,4,3,4468,324.0,Mitchel,Duplx,Partial,307499
989,1608,5,4,0,1.0,238.0,1,1900,1912,5,6,7512,49.0,Mitchel,TwnhsE,Alloca,290054
990,4043,3,4,0,1.0,54.0,0,1933,1959,9,4,17185,2696.0,Blmngtn,1Fam,Family,625480
991,2042,3,3,1,0.0,485.0,2,1901,1912,4,2,3152,2014.0,Blmngtn,1Fam,Alloca,367722
992,2971,4,2,0,0.0,680.0,3,1943,1970,3,6,1726,2231.0,Crawfor,1Fam,Family,505333
993,1386,1,4,1,1.0,75.0,0,2022,2026,10,2,13645,2782.0,NoRidge,TwnhsE,Abnorml,622583
994,2441,5,2,1,1.0,421.0,2,1958,1972,10,2,9676,996.0,StoneBr,1Fam,Partial,625700
995,2883,4,3,0,1.0,440.0,2,1902,1916,4,5,6177,2167.0,StoneBr,TwnhsE,Abnorml,602771
996,3317,4,1,1,1.0,655.0,3,1960,1969,4,2,10232,1506.0,Mitchel,1Fam,Alloca,490228
997,2868,2,3,1,1.0,296.0,1,1926,1954,3,2,4896,1627.0,NoRidge,TwnhsE,Alloca,574436
998,2122,2,3,0,0.0,235.0,1,2005,2019,1,8,8420,1985.0,CollgCr,TwnhsI,AdjLand,406108
999,4827,3,3,0,0.0,291.0,1,1911,1937,6,5,5827,1409.0,Somerst,Duplx,AdjLand,656692
1000,2807,4,2,0,0.0,674.0,3,1994,2000,3,5,12348,72.0,NoRidge,2FmCon,Alloca,617002
1001,4137,4,1,0,0.0,663.0,3,1954,1964,9,2,13962,225.0,Mitchel,Duplx,Abnorml,557095
1002,3815,4,1,0,0.0,270.0,1,1902,1916,2,2,18424,1504.0,NoRidge,TwnhsE,Partial,660567
1003,3012,5,3,1,1.0,679.0,3,1982,1998,7,4,2753,1709.0,SawyerW,TwnhsE,Alloca,502307
1004,4488,5,3,0,0.0,469.0,2,1955,1961,6,4,7549,2197.0,NWAmes,TwnhsE,Normal,598478
1005,1077,4,3,0,1.0,267.0,1,1994,2003,7,5,6392,1716.0,NWAmes,Duplx,Family,311560
1006,4644,2,4,1,0.0,,0,1976,1994,2,2,12216,564.0,StoneBr,TwnhsE,Abnorml,709253
1007,4326,3,2,0,0.0,442.0,2,1996,2004,5,9,11362,1100.0,Mitchel,2FmCon,Alloca,527695
1008,2766,3,3,0,0.0,459.0,2,1956,1978,7,4,17733,1331.0,CollgCr,2FmCon,AdjLand,517077
1009,3800,4,3,0,1.0,684.0,3,1900,1914,4,8,18501,2951.0,ClearCr,TwnhsI,Family,644876
1010,2841,5,1,1,1.0,465.0,2,1916,1945,9,4,15800,1597.0,Gilbert,Duplx,Alloca,511423
1011,1709,2,3,1,1.0,98.0,0,1956,1963,6,5,5179,1904.0,Somerst,TwnhsI,AdjLand,360240
1012,4099,3,1,1,1.0,468.0,2,1948,1973,4,2,2253,2206.0,Veenker,TwnhsE,Alloca,600486
1013,1606,1,3,1,1.0,440.0,2,1997,2011,1,7,18134,1086.0,Veenker,Duplx,Partial,370140
1014,1915,4,4,0,1.0,257.0,1,1950,1952,2,1,18941,2893.0,CollgCr,Duplx,AdjLand,441339
1015,2836,3,3,0,1.0,262.0,1,2005,2026,5,7,6132,2024.0,Blmngtn,TwnhsE,Family,451822
1016,4268,3,4,1,0.0,686.0,3,1923,1929,5,8,2362,2544.0,Timber,1Fam,Normal,679507
1017,2227,3,1,0,0.0,425.0,2,1947,1951,9,4,14091,2247.0,Timber,Duplx,Partial,534166
1018,2723,2,2,1,1.0,424.0,2,1993,2008,8,8,12392,,NAmes,TwnhsE,Normal,465051
1019,687,3,3,1,0.0,220.0,1,1915,1938,2,7,17943,92.0,Crawfor,1Fam,AdjLand,225521
1020,1021,4,3,1,,205.0,1,1939,1946,6,1,12144,1750.0,SawyerW,1Fam,Alloca,302870
1021,751,2,4,0,1.0,467.0,2,1992,2010,5,2,15566,388.0,Veenker,1Fam,Normal,314173
1022,824,1,2,1,0.0,696.0,3,1972,1972,2,6,16048,1809.0,Veenker,Duplx,AdjLand,315027
1023,4408,2,3,0,1.0,461.0,2,1995,2000,7,7,1681,2104.0,Veenker,2FmCon,Partial,654686
1024,4288,1,2,0,1.0,406.0,2,1963,1985,6,1,4246,1635.0,Crawfor,Duplx,Alloca,581156
1025,4198,2,4,1,1.0,36.0,0,2005,2005,1,7,15930,925.0,NWAmes,1Fam,Abnorml,528239
1026,750,4,1,0,1.0,690.0,3,2007,2017,5,8,4818,178.0,Crawfor,2FmCon,Normal,260109
1027,849,1,1,0,1.0,,0,2019,2034,8,1,5313,2013.0,Veenker,1Fam,Normal,315004
1028,1762,4,1,1,1.0,661.0,3,1915,1916,4,8,15413,2094.0,NAmes,TwnhsI,Partial,343992
1029,3043,2,3,0,0.0,244.0,1,1972,2001,4,5,5283,1433.0,CollgCr,Duplx,Partial,467555
1030,2003,5,1,0,1.0,691.0,3,1914,1929,2,6,4265,2149.0,Somerst,1Fam,Family,386439
1031,2694,4,2,0,0.0,651.0,3,1928,1938,3,1,1749,2337.0,NoRidge,Duplx,Partial,591935
1032,1278,2,3,1,1.0,656.0,3,1936,1965,10,6,10184,1537.0,CollgCr,TwnhsI,Abnorml,391516
1033,3788,3,2,1,0.0,672.0,3,1979,1995,7,5,13280,143.0,Blmngtn,TwnhsI,Alloca,536534
1034,1912,1,1,1,1.0,482.0,2,1953,1973,2,4,15035,2611.0,Mitchel,TwnhsI,Normal,347777
1035,799,1,1,0,0.0,651.0,3,2006,2008,5,8,18253,1400.0,Timber,Duplx,Partial,346974
1036,3842,5,1,0,1.0,72.0,0,1936,1940,2,3,13547,2017.0,StoneBr,2FmCon,AdjLand,649867
1037,4562,5,4,0,0.0,80.0,0,1975,1976,5,1,15494,2732.0,NAmes,2FmCon,Abnorml,613869
1038,566,1,2,0,0.0,452.0,2,1993,2008,2,5,5396,1087.0,CollgCr,2FmCon,AdjLand,240154
1039,2465,2,4,0,0.0,671.0,3,2020,2045,7,7,7798,1865.0,NoRidge,TwnhsI,Partial,660220
1040,4222,1,1,0,0.0,636.0,3,1930,1957,6,2,7123,59.0,NridgHt,1Fam,Family,704585
1041,3677,2,2,1,1.0,435.0,2,1990,2007,7,9,2703,2655.0,Crawfor,TwnhsI,Abnorml,581550
1042,4354,2,1,1,1.0,400.0,2,1910,1911,5,7,19426,177.0,Blmngtn,TwnhsI,Family,544417
1043,2368,2,2,0,0.0,466.0,2,1966,1984,3,9,5963,1623.0,Timber,TwnhsI,AdjLand,436493
1044,2175,3,2,0,1.0,625.0,3,1950,1969,3,5,9800,1055.0,Somerst,TwnhsE,Alloca,391426
1045,3691,1,3,0,1.0,681.0,3,2017,2034,3,2,8103,107.0,NWAmes,TwnhsI,Abnorml,509877
1046,1191,5,2,0,0.0,95.0,0,1995,2016,5,2,2322,1386.0,NAmes,1Fam,Normal,270097
1047,1577,4,3,0,1.0,487.0,2,2014,2030,5,5,18211,2806.0,Crawfor,TwnhsI,Alloca,456046
1048,3203,4,3,1,0.0,227.0,1,2004,2025,7,6,5562,500.0,ClearCr,Duplx,Partial,504613
1049,3508,1,2,0,0.0,665.0,3,1950,1964,1,7,3357,876.0,Somerst,TwnhsI,Abnorml,441651
1050,1038,4,4,1,0.0,,2,1990,1994,3,8,7835,567.0,StoneBr,1Fam,Family,377428
1051,2787,5,2,0,0.0,650.0,3,1903,1905,9,7,4159,374.0,NoRidge,TwnhsI,Abnorml,637278
1052,2142,1,1,1,0.0,250.0,1,1968,1995,10,6,19990,690.0,SawyerW,Duplx,Partial,383269
1053,2757,4,4,1,0.0,443.0,2,1905,1918,10,1,4996,1715.0,NoRidge,1Fam,Alloca,708936
1054,4812,2,4,1,0.0,30.0,0,1989,1998,4,5,7099,2341.0,SawyerW,Duplx,Family,607230
1055,844,4,1,1,0.0,657.0,3,2018,2026,2,8,6517,2070.0,Timber,1Fam,Family,329854
1056,4979,3,4,0,1.0,99.0,0,1983,1984,2,8,1988,2313.0,Gilbert,1Fam,AdjLand,593618
1057,2523,5,4,0,1.0,221.0,1,2003,2031,2,8,1738,,NAmes,Duplx,Normal,393741
1058,3974,1,3,1,,604.0,3,1928,1930,10,1,10989,1148.0,NWAmes,TwnhsI,Normal,584579
1059,2410,2,1,1,1.0,605.0,3,2022,2028,9,4,5805,2700.0,Gilbert,1Fam,Alloca,476687
1060,1899,2,3,1,0.0,258.0,1,1967,1980,9,6,3046,517.0,Timber,2FmCon,AdjLand,400925
1061,3967,2,2,0,1.0,226.0,1,1982,1992,8,3,6890,2099.0,CollgCr,2FmCon,Normal,584293
1062,3594,2,3,0,0.0,46.0,0,1994,1995,4,4,6570,332.0,Blmngtn,Duplx,Alloca,460892
1063,1148,2,3,0,1.0,695.0,3,1978,1987,5,1,9345,2296.0,ClearCr,1Fam,Family,377341
1064,3674,1,3,0,1.0,7.0,0,1939,1962,9,2,19859,261.0,NoRidge,TwnhsE,Normal,727959
1065,3888,4,2,0,0.0,17.0,0,1975,1982,9,1,7177,648.0,Mitchel,Duplx,Alloca,477087
1066,2245,3,3,0,0.0,221.0,1,1980,2005,6,9,14535,1173.0,StoneBr,TwnhsI,Partial,554422
1067,4665,5,2,1,0.0,45.0,0,2005,2015,9,8,15716,2083.0,NAmes,2FmCon,Partial,616093
1068,3383,4,1,1,0.0,69.0,0,1959,1959,4,4,2437,136.0,Mitchel,Duplx,Alloca,409780
1069,2001,1,1,0,0.0,418.0,2,1961,1964,5,1,10774,772.0,NoRidge,1Fam,Abnorml,470474
1070,548,1,4,1,1.0,410.0,2,1961,1985,9,4,9800,1000.0,NWAmes,TwnhsI,Normal,297527
1071,3537,3,4,1,0.0,208.0,1,1914,1926,4,4,10892,2193.0,Blmngtn,TwnhsI,Family,563941
1072,1440,3,3,1,1.0,680.0,3,1911,1940,8,2,4675,,Timber,2FmCon,Partial,453498
1073,3904,2,1,1,0.0,402.0,2,1902,1925,5,6,10103,1842.0,SawyerW,Duplx,Abnorml,497092
1074,2862,4,3,1,0.0,62.0,0,1981,1981,3,9,3774,1522.0,NridgHt,TwnhsI,Alloca,549060
1075,2600,3,1,0,0.0,,2,1951,1960,3,8,18997,1008.0,Timber,2FmCon,Abnorml,499544
1076,1236,4,2,0,1.0,410.0,2,2006,2027,7,8,12360,2467.0,NAmes,2FmCon,Alloca,338498
1077,3701,1,2,0,0.0,655.0,3,1986,1987,5,8,2138,321.0,NWAmes,2FmCon,Normal,476299
1078,1246,5,1,1,0.0,28.0,0,1917,1946,4,1,10854,387.0,NridgHt,TwnhsE,AdjLand,328357
1079,2379,2,3,1,0.0,51.0,0,1912,1916,8,5,18637,603.0,StoneBr,2FmCon,Partial,531661
1080,4263,3,2,1,1.0,213.0,1,1945,1968,1,6,15243,804.0,Timber,1Fam,Family,565473
1081,4641,3,2,0,0.0,266.0,1,2013,2038,1,1,6549,,NridgHt,1Fam,AdjLand,759108
1082,4951,5,2,1,0.0,679.0,3,1905,1920,10,2,18007,2839.0,StoneBr,TwnhsI,Family,800000
1083,4811,2,1,1,1.0,400.0,2,1923,1947,7,6,4932,1951.0,CollgCr,TwnhsI,Abnorml,601979
1084,3001,2,2,0,1.0,453.0,2,1903,1929,6,7,6063,1150.0,NoRidge,TwnhsI,Partial,628617
1085,1402,2,2,1,0.0,464.0,2,1950,1972,1,2,4367,634.0,Veenker,2FmCon,Alloca,275312
1086,4275,2,2,1,1.0,600.0,3,2021,2042,6,5,18575,1945.0,Veenker,Duplx,Normal,719790
1087,4107,1,3,1,1.0,272.0,1,1984,1995,5,1,14762,759.0,NAmes,Duplx,Family,510134
1088,4956,1,1,1,1.0,54.0,0,1960,1968,6,1,11082,2928.0,NAmes,Duplx,Alloca,574275
1089,3429,2,1,1,0.0,30.0,0,1917,1943,1,6,13856,1433.0,SawyerW,1Fam,Alloca,362075
1090,1137,3,2,0,1.0,248.0,1,1943,1949,6,6,6288,1652.0,Somerst,Duplx,Abnorml,337514
1091,2763,2,4,1,0.0,468.0,2,1964,1976,6,7,2807,2710.0,Crawfor,1Fam,Alloca,505457
1092,2517,2,2,1,0.0,264.0,1,1933,1948,3,9,17147,916.0,Crawfor,2FmCon,Family,398970
1093,4293,4,1,1,0.0,277.0,1,1986,1997,1,2,19337,1415.0,SawyerW,2FmCon,Abnorml,524642
1094,2266,2,4,0,1.0,203.0,1,2020,2031,10,4,2157,1595.0,NWAmes,TwnhsE,AdjLand,419267
1095,1978,5,2,1,1.0,678.0,3,1925,1942,8,8,2456,813.0,Mitchel,TwnhsI,Normal,372893
1096,860,4,1,0,0.0,603.0,3,1931,1940,7,1,11850,163.0,CollgCr,TwnhsE,Partial,279359
1097,4259,1,3,0,1.0,65.0,0,1915,1944,8,8,2295,851.0,Mitchel,Duplx,Normal,474039
1098,3898,2,2,1,0.0,34.0,0,1989,1994,7,9,14849,337.0,NWAmes,Duplx,AdjLand,509455
1099,685,1,4,0,1.0,6.0,0,1956,1967,2,1,18989,2027.0,NWAmes,Duplx,AdjLand,274004
1100,2452,2,2,0,1.0,668.0,3,1934,1959,5,2,6679,21.0,Blmngtn,1Fam,AdjLand,366948
1101,2658,2,2,1,1.0,255.0,1,1926,1940,9,7,6945,,Somerst,TwnhsI,Alloca,485968
1102,2611,1,2,1,1.0,666.0,3,1908,1929,3,5,17474,2652.0,Blmngtn,TwnhsI,Family,473682
1103,4635,1,1,1,1.0,437.0,2,1958,1977,10,9,8089,1705.0,Somerst,2FmCon,Abnorml,672979
1104,1178,3,2,1,1.0,427.0,2,1984,1993,1,5,5945,2013.0,Blmngtn,1Fam,Abnorml,277652
1105,1878,4,1,0,1.0,262.0,1,1928,1950,4,6,3059,2005.0,Timber,1Fam,Abnorml,351387
1106,1314,2,3,0,1.0,221.0,1,1900,1907,4,3,17037,894.0,NWAmes,TwnhsE,Family,293779
1107,1598,5,3,1,0.0,81.0,0,1958,1980,7,3,18629,1896.0,CollgCr,1Fam,Normal,410257
1108,4581,2,4,0,,468.0,2,1983,1986,2,2,2953,663.0,Gilbert,1Fam,Normal,567513
1109,4733,5,2,0,0.0,299.0,1,1942,1962,3,2,16354,1906.0,Timber,TwnhsE,Normal,686565
1110,700,2,1,0,1.0,202.0,1,1930,1933,7,2,4458,2049.0,NWAmes,1Fam,Alloca,238143
1111,3344,3,2,0,1.0,58.0,0,1918,1944,3,9,4068,2628.0,SawyerW,1Fam,AdjLand,435344
1112,1547,4,3,0,1.0,655.0,3,1991,2009,9,1,8548,2758.0,StoneBr,1Fam,Family,576195
1113,1366,1,4,1,1.0,685.0,3,2005,2006,9,5,9578,71.0,Somerst,TwnhsE,Abnorml,401143
1114,1814,5,1,1,1.0,242.0,1,1994,1997,4,5,17300,897.0,Gilbert,2FmCon,Partial,380009
1115,1374,2,1,1,1.0,493.0,2,1963,1968,6,1,14445,1641.0,Mitchel,2FmCon,AdjLand,322923
1116,2705,3,1,0,0.0,623.0,3,1989,2017,4,8,4174,964.0,NWAmes,TwnhsE,Normal,413209
1117,4980,4,1,1,0.0,485.0,2,1948,1965,4,5,12305,1855.0,Crawfor,1Fam,Family,669943
1118,3139,4,2,1,1.0,452.0,2,1903,1911,7,2,17695,2562.0,Veenker,Duplx,Alloca,579025
1119,3754,1,4,1,0.0,294.0,1,1945,1953,3,2,13748,774.0,Mitchel,Duplx,Normal,462163
1120,2719,5,1,0,,421.0,2,1986,1986,2,7,5750,2680.0,Mitchel,TwnhsE,Family,412767
1121,562,4,3,1,1.0,426.0,2,1979,1985,3,6,3883,2646.0,Mitchel,TwnhsE,Partial,279855
1122,878,5,3,0,1.0,456.0,2,2021,2046,10,4,9871,2742.0,Veenker,TwnhsE,Partial,471211
1123,1709,3,3,1,1.0,455.0,2,2022,2039,3,4,10235,220.0,ClearCr,2FmCon,Family,358366
1124,1596,4,3,1,0.0,414.0,2,1929,1940,4,1,8025,879.0,Timber,1Fam,AdjLand,390816
1125,4282,3,1,0,0.0,65.0,0,1901,1901,7,1,3521,372.0,NAmes,Duplx,Abnorml,438191
1126,4296,5,3,0,0.0,640.0,3,1933,1943,2,5,3685,,Mitchel,1Fam,Alloca,503130
1127,4343,5,1,0,1.0,615.0,3,2007,2018,3,4,11286,159.0,StoneBr,Duplx,Alloca,726442
1128,3369,5,2,1,,51.0,0,2000,2003,2,3,18969,1319.0,Timber,TwnhsE,Abnorml,566878
1129,3002,3,3,0,1.0,269.0,1,1912,1930,10,4,12561,261.0,CollgCr,TwnhsI,Alloca,485130
1130,3421,4,3,1,0.0,603.0,3,1919,1938,10,6,9606,,ClearCr,TwnhsE,AdjLand,615189
1131,2330,2,2,1,0.0,292.0,1,1969,1998,8,3,18728,2944.0,ClearCr,TwnhsI,Abnorml,541484
1132,3515,3,2,1,1.0,661.0,3,1981,1991,3,4,14271,2651.0,Somerst,Duplx,Partial,609470
1133,4074,4,2,0,0.0,626.0,3,2020,2028,7,3,14781,,Gilbert,Duplx,Family,689226
1134,3933,1,1,0,0.0,675.0,3,1992,2016,7,6,12142,109.0,Mitchel,2FmCon,Abnorml,470882
1135,3262,4,3,1,0.0,84.0,0,1926,1936,9,1,15613,1982.0,Mitchel,TwnhsE,Alloca,481112
1136,761,1,1,0,0.0,295.0,1,1904,1922,2,9,10781,1901.0,ClearCr,TwnhsI,Alloca,215136
1137,3762,3,2,0,1.0,479.0,2,1977,1999,8,5,13008,398.0,SawyerW,2FmCon,Family,529457
1138,2149,3,3,1,1.0,620.0,3,1968,1994,2,3,12906,2718.0,Gilbert,1Fam,Abnorml,431133
1139,3846,3,1,0,1.0,16.0,0,2013,2022,6,7,15424,1213.0,StoneBr,1Fam,Abnorml,658126
1140,2927,3,4,0,0.0,220.0,1,1970,1988,9,9,18119,2930.0,NWAmes,TwnhsE,Family,575115
1141,4465,3,2,1,1.0,87.0,0,1961,1964,1,1,6943,341.0,Somerst,TwnhsE,Partial,555190
1142,2023,3,1,1,0.0,630.0,3,1937,1960,2,2,14437,1950.0,Blmngtn,1Fam,AdjLand,400352
1143,4691,3,3,0,0.0,633.0,3,1910,1911,9,2,2085,392.0,Gilbert,1Fam,AdjLand,623105
1144,4300,3,2,1,1.0,89.0,0,2007,2027,1,1,11350,2849.0,NAmes,TwnhsE,AdjLand,513505
1145,1989,4,3,1,1.0,20.0,0,2001,2007,7,7,18126,1822.0,NAmes,2FmCon,AdjLand,383436
1146,2671,3,3,1,1.0,240.0,1,1920,1933,6,2,13435,226.0,SawyerW,Duplx,Partial,403582
1147,2891,4,2,1,0.0,629.0,3,1986,1988,4,4,6452,644.0,Crawfor,2FmCon,Partial,507710
1148,3958,5,3,1,1.0,230.0,1,1944,1964,9,8,12718,1077.0,ClearCr,TwnhsE,Partial,627664
1149,3601,5,2,0,0.0,259.0,1,1953,1967,9,6,8118,38.0,ClearCr,TwnhsE,AdjLand,538137
1150,4334,1,2,1,1.0,274.0,1,2004,2023,4,7,9512,26.0,NAmes,1Fam,Alloca,487036
1151,2164,4,1,1,1.0,426.0,2,2003,2013,1,1,5719,2776.0,Timber,1Fam,AdjLand,462221
1152,2771,2,3,0,1.0,203.0,1,1923,1923,2,9,13058,2943.0,Crawfor,Duplx,Alloca,451365
1153,2438,1,1,0,0.0,63.0,0,1937,1954,2,1,5169,,Gilbert,TwnhsE,Partial,318929
1154,4592,4,3,1,0.0,654.0,3,2001,2021,10,7,9706,2708.0,NoRidge,1Fam,Alloca,800000
1155,1872,1,3,1,1.0,265.0,1,2012,2031,6,6,18876,1965.0,Blmngtn,1Fam,Partial,428592
1156,3142,5,4,1,1.0,245.0,1,1909,1916,7,4,15515,84.0,Timber,TwnhsE,Partial,571191
1157,1040,4,4,1,1.0,477.0,2,2002,2023,3,8,9165,2143.0,Veenker,Duplx,Normal,369039
1158,4326,5,1,0,1.0,,2,1960,1976,9,9,19424,54.0,Blmngtn,1Fam,Abnorml,633874
1159,2228,4,1,0,0.0,75.0,0,1972,1978,8,1,1758,2449.0,NoRidge,TwnhsE,Alloca,560801
1160,2032,5,4,1,1.0,73.0,0,1909,1912,8,9,19257,1100.0,StoneBr,1Fam,Normal,586756
1161,3123,1,2,1,1.0,49.0,0,1983,1992,5,3,8014,423.0,ClearCr,2FmCon,Abnorml,437147
1162,2744,5,1,0,0.0,632.0,3,1983,1983,7,8,16683,775.0,CollgCr,TwnhsE,Alloca,505910
1163,4315,1,2,1,1.0,458.0,2,1981,2002,6,8,19029,2050.0,NridgHt,2FmCon,Family,800000
1164,2891,2,3,0,0.0,663.0,3,1997,1997,4,6,12632,2540.0,Somerst,1Fam,Partial,553575
1165,2826,1,2,0,1.0,457.0,2,2016,2017,6,8,12794,,Veenker,TwnhsI,Partial,503342
1166,972,3,1,1,0.0,252.0,1,2004,2008,4,8,15362,481.0,CollgCr,2FmCon,AdjLand,272123
1167,598,4,3,0,1.0,434.0,2,1991,2000,10,5,5935,2700.0,Veenker,Duplx,Alloca,406809
1168,2293,2,1,1,1.0,413.0,2,2020,2020,8,2,4793,2371.0,NoRidge,TwnhsI,Partial,598949
1169,4991,5,2,1,1.0,242.0,1,1982,2000,8,4,7857,1229.0,Crawfor,TwnhsI,Abnorml,687334
1170,4628,4,1,0,1.0,688.0,3,1982,1985,8,9,10361,1663.0,SawyerW,TwnhsI,Partial,594360
1171,3330,4,3,0,1.0,671.0,3,1966,1990,5,2,15243,2891.0,CollgCr,2FmCon,Abnorml,591438
1172,3338,5,2,1,0.0,675.0,3,1994,2010,10,9,6260,1132.0,Somerst,TwnhsI,Alloca,619804
1173,2261,3,4,0,1.0,,3,1908,1910,3,2,11948,77.0,Crawfor,1Fam,Normal,401452
1174,1298,2,2,0,1.0,292.0,1,1962,1974,6,6,1564,437.0,StoneBr,2FmCon,AdjLand,334267
1175,538,5,1,0,1.0,22.0,0,1952,1956,1,6,2072,1800.0,Timber,1Fam,Normal,211397
1176,2024,3,1,0,,272.0,1,2012,2041,3,2,19384,2993.0,ClearCr,Duplx,Family,439808
1177,1924,4,1,0,1.0,406.0,2,1908,1925,6,5,17230,2219.0,CollgCr,TwnhsI,AdjLand,426067
1178,1362,2,2,0,1.0,,3,1979,2003,5,2,17481,1853.0,Crawfor,TwnhsE,Normal,400750
1179,1666,2,1,0,0.0,202.0,1,1922,1933,10,4,7581,969.0,NAmes,TwnhsI,Family,295356
1180,611,1,2,1,0.0,243.0,1,2008,2012,7,9,11003,,Blmngtn,1Fam,AdjLand,278507
1181,3235,2,3,1,0.0,214.0,1,2004,2011,5,1,13982,115.0,NoRidge,TwnhsE,AdjLand,661096
1182,4673,1,3,0,1.0,638.0,3,1928,1940,5,8,6201,1113.0,Crawfor,TwnhsE,Normal,619536
1183,3608,4,3,0,1.0,13.0,0,2007,2030,7,7,15272,1870.0,CollgCr,Duplx,Abnorml,618461
1184,2516,1,4,0,1.0,203.0,1,1961,1973,8,7,14320,2717.0,NoRidge,1Fam,Alloca,682130
1185,2391,4,3,0,0.0,47.0,0,2019,2046,3,3,9034,2767.0,Somerst,1Fam,Partial,470424
1186,1883,5,3,1,1.0,641.0,3,1989,1999,6,9,9543,2463.0,Mitchel,TwnhsI,AdjLand,417347
1187,1140,4,4,0,,,1,1904,1910,6,3,7186,64.0,Somerst,2FmCon,Family,288946
1188,3193,3,1,0,1.0,34.0,0,1924,1938,1,5,16361,2433.0,ClearCr,TwnhsE,Partial,471020
1189,3049,1,3,0,0.0,240.0,1,1949,1952,10,1,19757,655.0,Timber,TwnhsI,Partial,569748
1190,532,5,2,0,1.0,0.0,0,1925,1945,6,8,19991,1848.0,NridgHt,Duplx,Alloca,375881
1191,2369,1,3,0,0.0,247.0,1,1916,1919,3,7,15770,2839.0,Veenker,2FmCon,Normal,458756
1192,1751,4,4,0,0.0,684.0,3,2020,2039,7,2,7958,2663.0,NWAmes,Duplx,Partial,444155
1193,1266,4,2,0,0.0,413.0,2,2006,2017,7,6,15950,1993.0,NAmes,2FmCon,Family,336192
1194,3663,1,1,1,1.0,614.0,3,1953,1963,10,2,6021,897.0,Blmngtn,1Fam,Abnorml,527688
1195,2866,4,2,1,0.0,478.0,2,1926,1944,1,4,18086,1562.0,SawyerW,TwnhsI,Abnorml,434871
1196,3351,1,2,1,0.0,650.0,3,1922,1943,5,5,6446,2111.0,Blmngtn,2FmCon,Partial,496235
1197,3710,2,4,1,0.0,225.0,1,2012,2039,2,9,8953,1542.0,Blmngtn,TwnhsE,Normal,539044
1198,4918,5,4,1,1.0,,3,1940,1948,6,3,3226,1213.0,ClearCr,TwnhsE,Normal,707372
1199,4112,5,2,1,0.0,32.0,0,1901,1925,6,1,3005,1208.0,NoRidge,Duplx,Abnorml,725836
1200,3291,2,4,0,1.0,260.0,1,1948,1973,5,4,8789,1799.0,ClearCr,Duplx,Family,550735
1201,4455,5,2,1,1.0,455.0,2,1955,1984,10,9,11678,107.0,SawyerW,1Fam,Abnorml,599028
1202,2648,5,2,0,1.0,216.0,1,1976,2004,6,8,1822,2994.0,CollgCr,Duplx,Alloca,480942
1203,4931,4,3,1,0.0,275.0,1,1941,1964,5,1,17154,306.0,NWAmes,TwnhsE,Partial,610057
1204,3926,1,3,1,,61.0,0,2013,2021,1,1,3616,2953.0,NoRidge,1Fam,Alloca,723918
1205,3428,2,2,0,1.0,20.0,0,1979,1999,3,7,19970,106.0,Timber,2FmCon,Abnorml,513121
1206,4564,4,2,0,0.0,475.0,2,2021,2044,9,7,6526,1537.0,Veenker,TwnhsE,Family,721482
1207,2817,5,3,0,1.0,,3,1945,1953,5,6,8511,1252.0,Somerst,TwnhsI,Partial,527072
1208,3743,5,3,0,0.0,85.0,0,1980,2004,10,1,4457,1721.0,NAmes,2FmCon,Alloca,509904
1209,1781,3,2,0,1.0,282.0,1,1944,1965,6,3,16751,1300.0,ClearCr,TwnhsI,Alloca,408814
1210,4834,2,1,0,1.0,631.0,3,1986,2000,6,8,15044,2691.0,Blmngtn,1Fam,Partial,687206
1211,3305,5,1,1,1.0,693.0,3,1991,2016,5,2,2953,49.0,Blmngtn,Duplx,Alloca,465705
1212,4019,2,1,0,0.0,3.0,0,1939,1941,6,2,3453,2956.0,ClearCr,TwnhsI,Normal,569192
1213,2573,2,2,1,0.0,433.0,2,2015,2035,1,5,12768,2068.0,NAmes,Duplx,Partial,366651
1214,4400,5,3,0,0.0,60.0,0,2005,2028,1,7,17520,2335.0,Timber,Duplx,Partial,679202
1215,833,3,3,1,1.0,53.0,0,2010,2011,5,8,3531,419.0,NoRidge,1Fam,Family,335517
1216,1013,2,1,1,1.0,22.0,0,1926,1938,6,6,5590,195.0,NWAmes,Duplx,Family,254166
1217,2782,1,3,0,1.0,419.0,2,1988,2003,6,5,11588,1191.0,Blmngtn,Duplx,Alloca,472942
1218,3795,3,3,0,0.0,78.0,0,1913,1919,5,4,3508,967.0,Timber,TwnhsI,Family,523425
1219,4141,5,1,1,0.0,287.0,1,1912,1938,3,1,7134,2348.0,Mitchel,2FmCon,Family,470263
1220,2480,3,2,1,0.0,67.0,0,2019,2037,8,3,1686,2689.0,StoneBr,2FmCon,Alloca,594059
1221,3423,4,2,0,1.0,,1,1918,1926,7,2,10734,1282.0,Timber,TwnhsE,AdjLand,560597
1222,2988,2,4,0,,,2,2006,2019,1,1,14731,2305.0,StoneBr,TwnhsI,Abnorml,618627
1223,4826,4,4,1,1.0,224.0,1,1952,1955,5,7,9121,178.0,StoneBr,2FmCon,Alloca,774323
1224,3443,4,3,1,1.0,296.0,1,1937,1939,8,4,6247,2226.0,Gilbert,TwnhsE,Abnorml,552893
1225,2375,4,2,0,0.0,412.0,2,1909,1931,8,5,9350,298.0,Gilbert,TwnhsI,Abnorml,421638
1226,4864,4,2,1,0.0,458.0,2,1983,2012,3,2,10925,2003.0,Blmngtn,TwnhsE,Family,643166
1227,982,3,2,1,1.0,,0,1988,1996,10,6,4565,1146.0,SawyerW,Duplx,Normal,293491
1228,4930,2,3,1,1.0,,3,1957,1964,7,2,3564,1245.0,NridgHt,2FmCon,Normal,800000
1229,1193,4,1,0,0.0,624.0,3,1999,2019,5,7,4863,829.0,Blmngtn,2FmCon,AdjLand,316900
1230,1797,5,1,0,1.0,464.0,2,1939,1954,7,7,19727,1209.0,NridgHt,1Fam,AdjLand,558419
1231,4196,5,1,1,0.0,415.0,2,1967,1971,9,3,14874,2623.0,NAmes,1Fam,Normal,607562
1232,3801,2,2,1,0.0,418.0,2,1935,1955,3,2,3819,2426.0,Blmngtn,Duplx,Partial,514848
1233,4866,4,2,1,1.0,241.0,1,1971,1977,2,8,7075,1020.0,NWAmes,1Fam,Abnorml,543911
1234,3874,1,1,0,0.0,279.0,1,1916,1919,5,3,9120,881.0,CollgCr,1Fam,Abnorml,485110
1235,3366,3,2,1,0.0,227.0,1,1958,1971,1,2,4852,1527.0,Somerst,TwnhsE,Abnorml,475449
1236,2059,3,4,1,0.0,69.0,0,1967,1989,9,4,17255,2054.0,Gilbert,1Fam,Alloca,432041
1237,521,2,2,1,1.0,657.0,3,1968,1983,10,9,18900,547.0,SawyerW,1Fam,Partial,288428
1238,1057,5,3,1,,297.0,1,1954,1973,7,5,6030,2178.0,StoneBr,Duplx,Family,461755
1239,1839,5,4,0,1.0,230.0,1,1979,1986,10,3,1806,2846.0,Mitchel,TwnhsI,Normal,447946
1240,684,1,4,1,0.0,624.0,3,1962,1976,1,5,6438,2533.0,Gilbert,TwnhsE,Alloca,255705
1241,2786,2,2,0,0.0,490.0,2,1934,1955,7,4,12276,1644.0,NridgHt,1Fam,Family,622566
1242,3998,2,4,1,0.0,,2,1926,1941,5,6,16457,959.0,NAmes,1Fam,Partial,502449
1243,4834,5,4,1,0.0,21.0,0,1979,1986,3,4,7781,970.0,StoneBr,TwnhsE,Alloca,762316
1244,2703,3,4,1,0.0,282.0,1,2015,2043,4,6,6556,,Blmngtn,TwnhsE,Partial,474344
1245,4437,4,2,0,1.0,,2,1992,1994,6,4,6103,1364.0,NridgHt,2FmCon,AdjLand,781347
1246,4934,5,1,1,0.0,206.0,1,1978,2005,7,5,1553,319.0,StoneBr,TwnhsI,Family,747421
1247,4369,4,3,1,0.0,85.0,0,2013,2034,2,5,1759,2032.0,Blmngtn,TwnhsI,AdjLand,546380
1248,2592,1,4,0,1.0,663.0,3,2010,2013,7,4,9416,414.0,Gilbert,TwnhsE,AdjLand,459265
1249,1963,1,4,0,0.0,227.0,1,1962,1969,10,9,12924,2960.0,Gilbert,TwnhsE,Family,450676
1250,4900,2,2,0,0.0,453.0,2,1913,1924,1,3,1731,1252.0,Somerst,TwnhsE,Partial,595322
1251,1588,2,1,0,1.0,223.0,1,1978,2006,9,8,5205,1025.0,SawyerW,1Fam,Abnorml,320557
1252,2352,4,2,1,1.0,416.0,2,1976,1991,7,7,18331,165.0,NoRidge,TwnhsE,Alloca,602034
1253,833,1,3,1,0.0,613.0,3,1934,1941,4,5,19816,503.0,SawyerW,TwnhsI,Alloca,278429
1254,4071,2,2,1,0.0,616.0,3,2004,2031,8,3,13373,2843.0,Veenker,2FmCon,Abnorml,724073
1255,3424,2,2,1,1.0,58.0,0,2007,2010,7,5,11150,1611.0,Blmngtn,1Fam,Alloca,521833
1256,881,1,2,0,1.0,481.0,2,1940,1964,8,8,12285,2705.0,Mitchel,2FmCon,Normal,297547
1257,1498,1,1,1,0.0,648.0,3,1958,1982,1,2,8354,2867.0,Timber,2FmCon,Abnorml,341232
1258,2999,1,2,0,1.0,401.0,2,1924,1935,1,6,5229,146.0,ClearCr,TwnhsI,Family,372592
1259,2931,3,3,0,1.0,42.0,0,1921,1922,7,7,8454,1142.0,SawyerW,Duplx,AdjLand,421400
1260,4109,3,1,1,0.0,74.0,0,1932,1958,4,6,14449,2514.0,SawyerW,TwnhsE,AdjLand,502060
1261,1697,3,4,1,1.0,83.0,0,1944,1973,3,2,13758,1487.0,Timber,TwnhsI,AdjLand,364947
1262,4661,3,1,0,1.0,73.0,0,1933,1944,5,5,14029,1526.0,Crawfor,TwnhsE,Normal,599558
1263,2500,4,3,0,1.0,636.0,3,1918,1923,8,2,12761,1710.0,Veenker,TwnhsE,Family,533744
1264,4201,5,2,0,1.0,664.0,3,1955,1963,2,9,2618,2105.0,Crawfor,TwnhsI,Abnorml,571713
1265,1572,3,3,0,0.0,406.0,2,1976,1980,10,4,13089,,Somerst,TwnhsE,Alloca,513111
1266,666,4,4,0,1.0,440.0,2,1940,1958,5,4,17795,2660.0,NoRidge,2FmCon,Family,478271
1267,747,4,2,0,1.0,653.0,3,1965,1980,2,8,13504,1875.0,Mitchel,TwnhsE,Abnorml,296410
1268,2177,4,3,0,1.0,202.0,1,1933,1943,1,4,12219,1730.0,Blmngtn,2FmCon,AdjLand,373466
1269,4789,1,3,0,0.0,201.0,1,1986,2005,9,2,5643,1082.0,ClearCr,2FmCon,Normal,662224
1270,719,5,2,1,1.0,480.0,2,1979,1997,2,9,16160,348.0,NridgHt,TwnhsE,AdjLand,354061
1271,2160,1,1,0,0.0,222.0,1,2018,2018,5,6,9854,2127.0,NridgHt,2FmCon,Partial,487370
1272,991,3,2,0,0.0,12.0,0,1906,1918,7,6,6363,7.0,Crawfor,1Fam,Normal,229889
1273,4692,4,1,1,0.0,459.0,2,2004,2029,6,1,10562,2094.0,Blmngtn,TwnhsI,Alloca,651633
1274,3538,3,2,0,,628.0,3,1941,1964,3,5,3757,1490.0,Timber,Duplx,Family,559157
1275,3932,2,3,1,1.0,97.0,0,1908,1933,2,5,18638,2359.0,NWAmes,TwnhsE,Normal,482648
1276,3709,5,1,1,0.0,94.0,0,1984,2012,8,3,14495,2847.0,Somerst,TwnhsI,Family,635417
1277,3456,1,1,1,1.0,,1,1921,1922,5,6,7541,1658.0,NoRidge,TwnhsE,Family,614875
1278,3981,2,3,0,1.0,630.0,3,1921,1929,1,3,16186,1717.0,CollgCr,TwnhsE,AdjLand,565487
1279,536,5,2,0,0.0,,2,2020,2033,2,5,2502,1462.0,StoneBr,TwnhsE,Family,315228
1280,4394,4,1,0,1.0,425.0,2,1927,1942,6,8,8641,1118.0,NoRidge,2FmCon,Abnorml,800000
1281,3829,1,3,0,0.0,423.0,2,1967,1990,2,7,13550,266.0,NridgHt,TwnhsI,Alloca,665566
1282,3827,4,3,0,1.0,297.0,1,1924,1945,4,3,1938,92.0,Veenker,TwnhsE,Alloca,527886
1283,2270,5,3,1,0.0,467.0,2,1915,1936,2,2,14611,2169.0,Crawfor,1Fam,AdjLand,462020
1284,4103,1,3,0,1.0,8.0,0,1900,1904,8,1,16637,2744.0,NAmes,1Fam,Family,531602
1285,2218,3,4,1,0.0,88.0,0,1901,1921,7,4,12491,161.0,Timber,TwnhsI,Family,465987
1286,720,3,3,1,0.0,616.0,3,1958,1981,8,1,5312,981.0,NoRidge,TwnhsI,Alloca,409480
1287,4585,1,2,0,1.0,468.0,2,1953,1975,1,2,15358,1824.0,StoneBr,TwnhsI,AdjLand,719707
1288,1555,2,4,0,1.0,43.0,0,1904,1921,4,9,7772,2114.0,Veenker,1Fam,Family,365968
1289,958,1,1,1,0.0,201.0,1,1942,1944,3,8,15114,2205.0,Timber,TwnhsI,AdjLand,317417
1290,3298,1,2,0,0.0,78.0,0,1933,1937,7,6,13122,2082.0,Veenker,TwnhsI,AdjLand,543472
1291,1551,3,3,1,1.0,468.0,2,1970,1992,9,7,3228,251.0,NAmes,TwnhsE,Abnorml,333612
1292,4361,3,4,0,1.0,688.0,3,2022,2048,3,5,3349,761.0,Somerst,Duplx,Abnorml,594711
1293,2496,2,2,0,0.0,261.0,1,1985,2009,8,6,1780,1407.0,Blmngtn,Duplx,Family,441294
1294,520,2,3,0,1.0,275.0,1,2012,2024,6,9,2831,191.0,Gilbert,Duplx,Partial,226703
1295,4782,1,4,0,0.0,90.0,0,1923,1940,9,1,7043,1029.0,NridgHt,1Fam,AdjLand,800000
1296,2815,4,3,0,,297.0,1,1926,1931,1,4,1975,1155.0,Timber,Duplx,Alloca,402539
1297,1683,2,1,1,1.0,256.0,1,1992,2009,10,2,18861,2934.0,ClearCr,2FmCon,Abnorml,473928
1298,3547,5,3,0,1.0,1.0,0,1938,1943,5,8,18457,951.0,ClearCr,2FmCon,Abnorml,538313
1299,2887,3,1,1,1.0,234.0,1,2004,2027,3,8,4693,2914.0,NoRidge,1Fam,Normal,634069
1300,633,5,3,0,0.0,661.0,3,1957,1980,2,7,7260,2100.0,Blmngtn,Duplx,Abnorml,303641
1301,3918,4,1,0,0.0,610.0,3,1924,1925,10,6,15230,2076.0,Veenker,1Fam,AdjLand,696280
1302,2306,2,4,0,1.0,211.0,1,2003,2031,9,5,13722,2459.0,Veenker,TwnhsI,Alloca,536374
1303,3649,4,1,0,1.0,,3,1967,1990,2,1,12259,2526.0,Blmngtn,TwnhsI,Abnorml,545977
1304,4530,2,2,1,1.0,91.0,0,1998,2009,5,7,19800,667.0,NAmes,TwnhsI,Partial,519423
1305,3247,1,1,0,,632.0,3,1955,1968,8,9,13151,1262.0,SawyerW,2FmCon,Abnorml,497816
1306,3522,2,3,0,1.0,293.0,1,1915,1917,6,9,13884,,NAmes,1Fam,Alloca,482050
1307,1645,2,2,1,,,2,1983,2011,2,4,10788,,ClearCr,Duplx,AdjLand,386590
1308,1569,1,3,0,1.0,30.0,0,1915,1918,4,2,11214,121.0,NridgHt,TwnhsE,Normal,341389
1309,2367,1,1,1,0.0,,3,1981,2008,4,6,6884,1430.0,Timber,1Fam,AdjLand,441280
1310,4337,5,2,1,0.0,282.0,1,1951,1970,3,1,11137,642.0,Somerst,TwnhsI,Partial,628432
1311,2858,3,4,1,1.0,675.0,3,1997,2024,10,1,18486,620.0,Veenker,Duplx,Family,643301
1312,2066,3,4,0,0.0,63.0,0,2007,2018,3,8,8472,2285.0,Timber,TwnhsI,Abnorml,400940
1313,4008,5,1,0,1.0,497.0,2,1950,1976,8,9,3964,605.0,StoneBr,1Fam,Family,705321
1314,4340,2,2,1,0.0,10.0,0,2008,2020,10,4,12595,2380.0,StoneBr,Duplx,Alloca,800000
1315,4561,3,2,0,1.0,638.0,3,1913,1923,8,5,16026,2981.0,Blmngtn,Duplx,Normal,683253
1316,1845,5,2,0,0.0,260.0,1,1913,1923,8,5,19237,2329.0,Crawfor,1Fam,Alloca,456648
1317,3693,4,2,1,0.0,407.0,2,2022,2050,2,2,11530,509.0,NoRidge,TwnhsE,Alloca,701532
1318,3156,2,1,0,0.0,697.0,3,1970,1983,2,3,16078,427.0,CollgCr,TwnhsI,Partial,462251
1319,2520,2,3,1,0.0,457.0,2,1955,1969,8,3,6133,1311.0,SawyerW,Duplx,Normal,413059
1320,2286,1,1,1,1.0,30.0,0,1919,1938,8,8,9348,1653.0,ClearCr,2FmCon,Partial,417654
1321,1015,1,2,1,,23.0,0,1935,1951,8,4,9252,2335.0,Veenker,TwnhsE,AdjLand,331482
1322,1736,1,3,0,1.0,0.0,0,1984,2000,5,7,7650,1268.0,Veenker,2FmCon,Normal,353401
1323,2973,4,3,1,1.0,659.0,3,2001,2012,6,2,14748,501.0,Somerst,2FmCon,Partial,568717
1324,4489,4,2,0,0.0,697.0,3,2012,2016,1,9,17845,2974.0,Veenker,TwnhsE,Alloca,697021
1325,4398,3,4,1,1.0,203.0,1,1950,1979,3,8,7541,2713.0,Mitchel,Duplx,AdjLand,539842
1326,1344,4,2,1,1.0,641.0,3,1955,1969,6,5,4012,1962.0,NAmes,2FmCon,Family,313175
1327,3556,1,2,0,0.0,66.0,0,1920,1949,2,3,16770,2086.0,Somerst,Duplx,Abnorml,537755
1328,881,2,1,1,1.0,443.0,2,1910,1923,2,9,17217,2805.0,Mitchel,TwnhsI,Alloca,256539
1329,3537,2,1,1,1.0,265.0,1,1953,1970,1,8,18795,1424.0,SawyerW,Duplx,Partial,414382
1330,2038,5,2,0,0.0,71.0,0,1971,1987,3,5,6218,436.0,NridgHt,1Fam,Abnorml,429221
1331,2524,4,2,0,0.0,296.0,1,1912,1940,10,3,14802,1817.0,Crawfor,TwnhsI,Family,514559
1332,3729,5,3,1,1.0,,1,1950,1953,7,6,14739,1352.0,Blmngtn,TwnhsE,AdjLand,589747
1333,2411,2,2,0,1.0,270.0,1,1978,1993,10,4,16115,2399.0,ClearCr,2FmCon,AdjLand,553736
1334,4133,5,4,0,0.0,30.0,0,1999,2003,3,7,16415,2314.0,ClearCr,TwnhsI,Abnorml,658570
1335,2901,1,3,0,,215.0,1,2015,2041,6,8,19121,1414.0,Crawfor,TwnhsI,Family,518528
1336,4994,2,1,1,1.0,,0,1941,1956,9,5,10324,1103.0,Gilbert,TwnhsI,Normal,593981
1337,3372,3,3,1,,610.0,3,1948,1975,4,1,2904,1266.0,Veenker,2FmCon,Normal,569956
1338,1833,1,3,0,1.0,282.0,1,2007,2015,7,6,5057,1897.0,CollgCr,TwnhsI,Abnorml,386772
1339,3988,5,2,0,1.0,4.0,0,1985,1989,7,8,17902,1911.0,Timber,TwnhsI,AdjLand,664164
1340,2335,5,2,1,0.0,448.0,2,1933,1951,9,3,17128,1535.0,Mitchel,TwnhsI,Normal,444584
1341,2903,3,2,0,1.0,661.0,3,1984,1988,10,9,1704,1595.0,NridgHt,Duplx,Alloca,660780
1342,1115,2,3,0,0.0,267.0,1,1919,1930,7,4,8298,2975.0,NridgHt,2FmCon,Abnorml,447431
1343,1037,1,2,1,1.0,606.0,3,1955,1964,6,7,6035,761.0,NoRidge,2FmCon,Alloca,398229
1344,3086,4,2,1,1.0,486.0,2,1937,1943,9,7,7432,521.0,Somerst,TwnhsI,Alloca,539667
1345,1340,3,1,0,,443.0,2,2022,2025,7,2,13317,2397.0,Blmngtn,Duplx,Family,391251
1346,4989,4,2,0,0.0,201.0,1,1904,1923,4,1,10935,2806.0,NAmes,TwnhsI,Abnorml,554765
1347,4350,4,2,0,0.0,13.0,0,2005,2027,7,9,10396,1826.0,ClearCr,Duplx,Normal,617518
1348,3653,1,2,1,1.0,285.0,1,1934,1945,6,7,9549,1204.0,StoneBr,Duplx,Alloca,634708
1349,3806,1,2,1,1.0,694.0,3,1904,1912,3,6,13369,1045.0,Somerst,1Fam,Partial,537368
1350,3178,4,3,1,1.0,675.0,3,1981,1985,6,3,14136,1403.0,NridgHt,Duplx,Family,716712
1351,771,1,1,0,0.0,633.0,3,1983,2003,7,1,2304,157.0,Crawfor,Duplx,Abnorml,253161
1352,2265,5,2,1,0.0,694.0,3,1917,1941,10,3,4038,1585.0,Gilbert,1Fam,AdjLand,468676
1353,2731,1,1,0,1.0,227.0,1,1904,1920,6,5,7811,808.0,NoRidge,1Fam,Normal,540294
1354,4618,4,2,1,,223.0,1,1913,1925,2,7,9560,796.0,NWAmes,Duplx,Partial,515367
1355,1487,5,3,1,1.0,676.0,3,1950,1969,10,3,19930,1681.0,Timber,2FmCon,Normal,532644
1356,2736,3,3,0,1.0,432.0,2,1916,1943,6,2,17996,,Gilbert,TwnhsE,Alloca,530800
1357,2048,1,3,1,0.0,251.0,1,1986,2015,3,3,13502,,SawyerW,Duplx,AdjLand,320936
1358,1104,5,3,1,0.0,266.0,1,1909,1914,8,9,2167,2734.0,NWAmes,Duplx,Normal,342896
1359,963,1,1,1,1.0,616.0,3,1997,2011,4,6,3362,1558.0,Gilbert,1Fam,Partial,268887
1360,2144,3,2,0,1.0,92.0,0,2007,2033,4,9,9960,2918.0,Gilbert,Duplx,Partial,385761
1361,870,5,3,0,0.0,16.0,0,1988,2006,9,1,12360,1146.0,StoneBr,Duplx,Alloca,433627
1362,802,4,3,1,0.0,499.0,2,2016,2040,9,5,13719,2990.0,StoneBr,Duplx,Partial,532569
1363,2078,1,3,1,0.0,27.0,0,2015,2044,6,5,4125,1979.0,Somerst,2FmCon,Partial,417595
1364,1408,5,3,1,1.0,41.0,0,1905,1908,4,4,17922,2009.0,Blmngtn,1Fam,Alloca,334968
1365,2996,1,1,0,1.0,625.0,3,1942,1960,9,4,10624,1689.0,Blmngtn,TwnhsI,AdjLand,505003
1366,579,4,1,0,0.0,253.0,1,1993,2008,2,1,12485,1355.0,NWAmes,TwnhsI,Alloca,254658
1367,1858,4,1,0,1.0,400.0,2,1941,1949,8,1,2227,1575.0,Veenker,TwnhsI,Family,444895
1368,2539,2,3,0,,217.0,1,1990,2009,6,8,16752,2552.0,SawyerW,2FmCon,Family,481105
1369,4834,3,3,1,1.0,51.0,0,1995,1998,9,4,11546,2377.0,ClearCr,TwnhsE,Family,699484
1370,3355,1,1,1,1.0,69.0,0,2022,2036,5,2,5619,71.0,Timber,1Fam,Alloca,478893
1371,4463,5,3,0,0.0,696.0,3,1940,1952,9,4,7398,2083.0,NWAmes,TwnhsI,AdjLand,653405
1372,2044,2,3,1,1.0,83.0,0,1942,1953,1,9,8026,2503.0,NridgHt,1Fam,AdjLand,464189
1373,2523,2,2,0,,492.0,2,1902,1920,8,5,2000,2232.0,ClearCr,Duplx,Abnorml,441261
1374,2391,3,1,1,0.0,279.0,1,1935,1963,1,9,18929,1491.0,NWAmes,TwnhsI,Alloca,342515
1375,4493,4,3,1,0.0,277.0,1,1934,1962,7,2,16355,1006.0,NWAmes,TwnhsE,Alloca,601046
1376,4816,3,3,1,1.0,634.0,3,1955,1976,2,2,17890,2019.0,Timber,TwnhsI,Family,745424
1377,4830,3,1,0,1.0,490.0,2,1951,1960,10,6,8042,1991.0,StoneBr,Duplx,Alloca,800000
1378,3883,3,1,0,1.0,496.0,2,2005,2033,8,7,11822,1122.0,NoRidge,1Fam,Partial,800000
1379,2764,5,2,0,,251.0,1,1995,2024,2,9,9977,1219.0,NridgHt,1Fam,Abnorml,577385
1380,2933,2,2,1,0.0,212.0,1,1989,2014,9,5,10296,1105.0,SawyerW,1Fam,Family,469503
1381,4912,5,1,0,1.0,404.0,2,1900,1926,3,2,12395,134.0,NWAmes,1Fam,Alloca,567354
1382,1780,4,4,1,1.0,49.0,0,1958,1982,6,5,9844,95.0,Crawfor,Duplx,Family,356354
1383,2060,5,2,1,0.0,63.0,0,1989,2011,1,3,15804,249.0,CollgCr,1Fam,AdjLand,343480
1384,4536,5,2,1,1.0,455.0,2,1930,1951,2,2,2587,1271.0,Veenker,1Fam,AdjLand,631916
1385,2238,4,1,1,0.0,,2,1952,1971,3,1,5063,1531.0,StoneBr,Duplx,Normal,472247
1386,1557,2,4,1,1.0,53.0,0,1989,2008,6,7,18008,1225.0,NoRidge,TwnhsE,Normal,514305
1387,3022,4,1,1,1.0,666.0,3,1997,2008,6,6,17823,2865.0,Gilbert,TwnhsE,Alloca,563041
1388,1964,4,4,1,1.0,475.0,2,2005,2031,9,2,16635,674.0,NoRidge,1Fam,Abnorml,642024
1389,4508,2,2,1,0.0,89.0,0,1952,1971,2,6,8321,1178.0,NridgHt,TwnhsI,Normal,685060
1390,4590,4,4,1,1.0,660.0,3,1949,1967,8,8,9940,741.0,NWAmes,Duplx,Alloca,640575
1391,1877,2,1,1,1.0,655.0,3,1947,1969,1,8,1967,899.0,CollgCr,2FmCon,AdjLand,296235
1392,2882,3,1,1,1.0,,1,1982,1984,3,5,6669,,Crawfor,2FmCon,Normal,439657
1393,4927,4,3,1,1.0,264.0,1,1951,1978,2,1,14939,929.0,Timber,TwnhsI,Partial,674472
1394,3840,1,3,1,1.0,217.0,1,1949,1966,2,6,7844,,StoneBr,Duplx,Partial,609441
1395,1470,2,2,0,1.0,436.0,2,1920,1948,6,5,10384,2012.0,ClearCr,2FmCon,Normal,380800
1396,3158,4,1,1,0.0,53.0,0,1958,1961,10,9,3778,2490.0,Somerst,Duplx,AdjLand,538845
1397,3289,3,4,1,0.0,208.0,1,1929,1936,7,5,10683,637.0,CollgCr,1Fam,Partial,475913
1398,3440,5,2,0,0.0,69.0,0,1964,1992,9,7,14853,334.0,StoneBr,1Fam,Family,672991
1399,612,1,4,1,0.0,28.0,0,2009,2029,6,5,12084,718.0,Timber,2FmCon,Normal,296296
1400,1847,4,4,0,1.0,251.0,1,1995,2014,1,5,11798,1732.0,NridgHt,2FmCon,Family,481687
1401,4345,5,3,1,1.0,435.0,2,1958,1970,4,3,18419,2879.0,ClearCr,2FmCon,Normal,710718
1402,1586,5,3,1,1.0,635.0,3,2020,2036,9,4,5830,480.0,Veenker,1Fam,Alloca,437051
1403,1848,1,3,1,1.0,39.0,0,2020,2036,1,3,7039,128.0,Timber,TwnhsE,Alloca,328297
1404,1951,5,2,1,,5.0,0,1954,1959,1,5,13025,1584.0,CollgCr,1Fam,Partial,352649
1405,1298,2,1,1,0.0,219.0,1,1993,2009,9,9,10383,2972.0,Crawfor,2FmCon,Abnorml,363235
1406,1199,2,2,1,0.0,478.0,2,1942,1957,1,4,19615,1657.0,Timber,TwnhsI,Normal,341018
1407,2061,2,3,1,1.0,612.0,3,2008,2017,10,5,2604,2773.0,Gilbert,1Fam,Partial,479413
1408,4434,4,3,1,0.0,449.0,2,1945,1955,8,9,3764,1926.0,Somerst,2FmCon,Alloca,670610
1409,506,4,2,1,1.0,414.0,2,1931,1954,7,2,7826,94.0,Somerst,Duplx,Alloca,254519
1410,1774,3,3,0,1.0,53.0,0,1916,1936,6,3,9981,1282.0,Crawfor,2FmCon,Abnorml,355482
1411,772,1,1,1,0.0,64.0,0,2003,2017,1,5,17973,2310.0,StoneBr,2FmCon,Normal,306458
1412,3026,5,2,0,1.0,46.0,0,1936,1954,5,4,10641,1528.0,ClearCr,1Fam,AdjLand,457210
1413,1627,2,2,0,1.0,477.0,2,2000,2007,9,4,9587,584.0,CollgCr,Duplx,AdjLand,409537
1414,4063,1,4,1,1.0,226.0,1,1910,1924,10,8,4585,542.0,NridgHt,TwnhsE,Family,723632
1415,3132,3,2,1,0.0,55.0,0,1961,1977,5,5,9533,1990.0,CollgCr,Duplx,Alloca,462689
1416,4027,3,1,1,0.0,427.0,2,1952,1959,9,4,11334,1389.0,NoRidge,TwnhsI,AdjLand,794993
1417,3357,4,2,0,1.0,650.0,3,1953,1958,8,5,12299,1722.0,Blmngtn,TwnhsE,AdjLand,575053
1418,2472,5,1,0,1.0,206.0,1,1920,1935,1,8,12710,1119.0,NoRidge,TwnhsE,AdjLand,490857
1419,4374,1,2,1,1.0,626.0,3,1909,1937,7,9,9448,1017.0,StoneBr,Duplx,Partial,744583
1420,2643,2,3,0,0.0,470.0,2,1942,1955,7,3,4410,1998.0,Somerst,TwnhsE,Alloca,479742
1421,4774,3,3,0,0.0,477.0,2,1957,1984,6,1,4325,23.0,Blmngtn,Duplx,Abnorml,585253
1422,4976,4,4,0,0.0,627.0,3,1997,2022,8,1,4362,1304.0,Gilbert,TwnhsI,Alloca,677526
1423,3150,4,1,1,1.0,25.0,0,1956,1978,9,5,12943,1112.0,Crawfor,Duplx,Family,498633
1424,3535,2,1,0,0.0,629.0,3,1930,1956,6,6,17342,2338.0,NridgHt,Duplx,Partial,743408
1425,1650,4,2,0,1.0,627.0,3,1932,1944,4,1,17837,2185.0,Somerst,1Fam,Partial,435904
1426,4165,5,1,1,1.0,699.0,3,1975,1997,10,5,7260,1277.0,NWAmes,TwnhsI,Partial,601944
1427,3522,3,3,1,0.0,465.0,2,1953,1957,10,4,2973,788.0,NridgHt,Duplx,Alloca,717131
1428,4561,5,1,0,1.0,638.0,3,2010,2019,7,9,13161,707.0,Gilbert,TwnhsE,Abnorml,651240
1429,1701,4,1,0,0.0,646.0,3,1954,1970,7,6,2209,633.0,Somerst,TwnhsE,Partial,347849
1430,4044,2,4,0,0.0,651.0,3,1969,1970,2,4,13095,821.0,NoRidge,1Fam,AdjLand,764073
1431,2616,2,4,0,1.0,655.0,3,1907,1929,5,6,8587,2281.0,Gilbert,TwnhsE,Alloca,450412
1432,1333,4,1,1,0.0,638.0,3,1923,1950,2,2,17024,135.0,NoRidge,Duplx,Abnorml,392519
1433,1270,2,2,0,1.0,297.0,1,2004,2007,6,5,13069,78.0,Somerst,2FmCon,Normal,327427
1434,3029,2,2,1,1.0,429.0,2,1942,1971,9,3,15188,1619.0,StoneBr,2FmCon,AdjLand,660451
1435,1937,2,2,0,1.0,242.0,1,1951,1953,3,2,9005,670.0,CollgCr,TwnhsE,AdjLand,309257
1436,958,4,4,1,0.0,600.0,3,1972,1975,10,4,17050,2492.0,NoRidge,1Fam,Alloca,633142
1437,2422,2,2,0,1.0,649.0,3,1907,1929,2,6,11214,2256.0,NridgHt,TwnhsE,Normal,554356
1438,3438,4,1,0,0.0,685.0,3,1962,1982,1,6,13066,2307.0,Crawfor,TwnhsI,Normal,500908
1439,1935,5,2,1,1.0,499.0,2,1942,1970,10,9,8171,1371.0,NAmes,1Fam,Partial,367427
1440,4799,5,2,0,0.0,247.0,1,1918,1930,2,3,9814,1313.0,NoRidge,1Fam,AdjLand,800000
1441,4007,5,2,1,1.0,13.0,0,1951,1968,8,7,17042,1276.0,ClearCr,1Fam,Normal,615499
1442,2807,1,2,0,0.0,471.0,2,1954,1958,8,5,8780,588.0,SawyerW,TwnhsE,Abnorml,447179
1443,4705,3,4,1,1.0,464.0,2,1922,1942,4,8,1895,1701.0,Veenker,TwnhsI,Partial,667542
1444,2448,2,3,1,0.0,495.0,2,1966,1995,1,9,8512,2590.0,Crawfor,TwnhsI,Abnorml,442037
1445,1128,5,1,1,1.0,450.0,2,1991,2008,4,7,8751,769.0,SawyerW,1Fam,Alloca,272467
1446,661,4,2,0,1.0,600.0,3,1932,1959,1,4,9240,170.0,Gilbert,Duplx,Normal,222279
1447,4721,2,3,0,0.0,90.0,0,2018,2029,7,5,2807,1694.0,Veenker,1Fam,Family,652900
1448,4818,3,2,1,0.0,267.0,1,1975,2004,9,6,3892,1197.0,NWAmes,2FmCon,Abnorml,627038
1449,3826,4,2,1,0.0,480.0,2,1995,2011,10,8,7494,2392.0,Gilbert,2FmCon,Partial,622080
1450,963,3,1,1,0.0,611.0,3,1908,1912,9,3,9343,2569.0,Crawfor,TwnhsE,Family,361262
1451,1821,3,1,1,1.0,645.0,3,1994,2004,8,8,2036,2851.0,ClearCr,TwnhsI,AdjLand,465443
1452,684,1,3,1,1.0,645.0,3,1941,1955,9,8,8704,1179.0,Mitchel,TwnhsI,Family,325067
1453,730,3,3,1,1.0,626.0,3,1987,1989,8,1,7422,2705.0,Mitchel,1Fam,Normal,340392
1454,1607,2,3,0,,684.0,3,1998,2024,7,3,2139,353.0,NAmes,2FmCon,Alloca,331248
1455,3074,5,2,0,0.0,418.0,2,1930,1937,10,3,6132,1118.0,Gilbert,2FmCon,Normal,501255
1456,794,5,1,0,1.0,7.0,0,1931,1951,4,6,6589,797.0,Somerst,2FmCon,AdjLand,233626
1457,4930,4,1,1,0.0,423.0,2,1907,1934,5,2,4155,2769.0,NridgHt,2FmCon,Abnorml,800000
1458,2548,1,2,1,0.0,498.0,2,1974,1987,10,3,15410,1800.0,NridgHt,TwnhsE,Alloca,656245
1459,1687,5,2,0,0.0,11.0,0,1995,2013,4,2,2838,1097.0,NAmes,TwnhsE,Normal,291611
1460,2822,2,4,0,1.0,658.0,3,1950,1965,3,1,12191,456.0,Somerst,TwnhsI,Family,504360
1461,4055,3,4,0,1.0,418.0,2,1919,1941,2,5,13808,2348.0,NridgHt,TwnhsE,Partial,733963
1462,1906,5,1,1,0.0,639.0,3,1938,1939,3,3,16414,1964.0,Timber,2FmCon,AdjLand,448493
1463,713,5,3,0,1.0,55.0,0,1949,1959,6,5,11593,2558.0,NoRidge,1Fam,AdjLand,455147
1464,729,1,2,0,1.0,601.0,3,2012,2030,9,2,11539,1314.0,Crawfor,2FmCon,Normal,346062
1465,4333,2,1,0,1.0,224.0,1,1915,1917,2,3,15574,449.0,CollgCr,TwnhsE,Abnorml,509981
1466,1002,4,2,1,1.0,458.0,2,1942,1967,7,9,17300,1003.0,Somerst,TwnhsI,Alloca,354523
1467,3360,3,1,1,,401.0,2,1978,1996,8,8,5402,1860.0,NWAmes,2FmCon,Family,489991
1468,2230,2,2,1,1.0,,2,1929,1929,9,3,16227,722.0,Crawfor,1Fam,Family,419148
1469,3998,3,2,1,,660.0,3,2008,2008,8,2,10053,212.0,NAmes,1Fam,AdjLand,518112
1470,772,5,1,0,1.0,21.0,0,2011,2015,2,9,3318,2469.0,NWAmes,1Fam,Abnorml,233488
1471,4540,2,3,0,1.0,416.0,2,1946,1965,5,7,12829,1591.0,NridgHt,TwnhsE,Partial,800000
1472,3641,4,2,1,0.0,649.0,3,1991,2006,10,5,19574,1190.0,Veenker,Duplx,Partial,684846
1473,2521,4,3,1,0.0,71.0,0,1992,2006,10,7,4103,1658.0,NWAmes,TwnhsE,Partial,451127
1474,1431,5,1,1,0.0,,1,1983,1999,7,2,1772,2215.0,CollgCr,1Fam,Partial,356242
1475,4897,2,1,1,0.0,233.0,1,1922,1936,10,4,18455,4.0,NWAmes,Duplx,Family,601682
1476,1859,2,2,1,1.0,499.0,2,1906,1916,7,4,12541,1321.0,Somerst,1Fam,Partial,400798
1477,2707,3,1,1,0.0,633.0,3,1942,1942,1,7,5553,762.0,NoRidge,2FmCon,Normal,508148
1478,2273,3,3,0,1.0,633.0,3,1916,1916,10,2,16161,275.0,NWAmes,TwnhsE,Alloca,448891
1479,1537,3,1,0,0.0,673.0,3,1935,1955,2,5,8783,107.0,NWAmes,2FmCon,AdjLand,285782
1480,2374,4,3,0,0.0,248.0,1,1978,2000,4,8,7640,1321.0,Blmngtn,TwnhsE,Partial,410523
1481,1181,4,4,0,0.0,439.0,2,1972,1979,3,2,6861,1631.0,ClearCr,2FmCon,AdjLand,337079
1482,507,2,1,1,1.0,78.0,0,1925,1932,8,2,12573,1523.0,NoRidge,Duplx,Family,331857
1483,1804,4,2,1,0.0,203.0,1,1902,1914,1,8,3989,2348.0,Gilbert,Duplx,Family,278095
1484,1004,2,3,0,1.0,71.0,0,1927,1946,7,8,8199,1373.0,Blmngtn,2FmCon,Alloca,285207
1485,2366,3,2,1,0.0,38.0,0,1955,1972,9,4,7143,1769.0,Gilbert,1Fam,AdjLand,420856
1486,4382,1,1,1,1.0,688.0,3,1995,2011,8,1,2621,2448.0,StoneBr,Duplx,Normal,778289
1487,1231,2,1,1,1.0,672.0,3,1944,1945,4,5,15618,1971.0,Gilbert,TwnhsI,AdjLand,324109
1488,505,5,3,0,,494.0,2,1935,1947,9,3,1656,2732.0,Gilbert,TwnhsE,Alloca,325094
1489,999,3,4,0,,12.0,0,1967,1989,4,6,19254,664.0,SawyerW,TwnhsE,Family,297771
1490,2786,4,2,1,1.0,18.0,0,1908,1925,7,2,3254,2360.0,CollgCr,TwnhsI,Alloca,463152
1491,1736,1,2,0,0.0,90.0,0,1927,1951,6,8,8127,,Gilbert,1Fam,Family,318876
1492,2702,4,3,0,0.0,,2,1904,1924,1,7,3320,1748.0,ClearCr,TwnhsE,AdjLand,415898
1493,631,2,1,1,1.0,81.0,0,1964,1990,1,6,8287,11.0,Gilbert,2FmCon,Normal,142739
1494,1998,4,1,1,1.0,268.0,1,1954,1971,2,5,12801,,Gilbert,TwnhsE,Partial,364091
1495,2345,5,3,0,1.0,649.0,3,1971,1988,10,2,3118,2575.0,NWAmes,TwnhsI,Abnorml,509628
1496,2440,3,1,0,0.0,604.0,3,1975,1991,10,9,11228,1933.0,SawyerW,TwnhsI,Family,477281
1497,2980,1,3,1,0.0,607.0,3,1948,1955,5,3,15779,,NoRidge,Duplx,Alloca,646880
1498,4012,3,2,0,0.0,271.0,1,2006,2019,10,4,9926,863.0,NWAmes,TwnhsI,Partial,566728
1499,2602,1,4,1,0.0,409.0,2,2012,2017,1,9,3580,1708.0,NWAmes,TwnhsE,Partial,416617
1500,4285,3,1,0,1.0,0.0,0,1913,1925,10,1,14300,2435.0,CollgCr,1Fam,Normal,620673
1501,2883,1,4,0,1.0,621.0,3,2013,2017,3,2,4949,1334.0,Crawfor,2FmCon,Normal,467532
1502,1671,4,1,1,1.0,91.0,0,1924,1938,1,7,1811,2570.0,Gilbert,TwnhsI,Abnorml,279521
1503,1530,2,1,0,0.0,462.0,2,1930,1958,8,4,9580,2387.0,ClearCr,TwnhsI,Abnorml,408091
1504,1951,2,3,0,0.0,471.0,2,1965,1978,4,6,6513,801.0,ClearCr,TwnhsI,Abnorml,370292
1505,3188,1,2,1,0.0,665.0,3,1903,1925,3,6,2026,584.0,SawyerW,2FmCon,Family,403316
1506,1591,5,3,1,1.0,256.0,1,1944,1957,8,8,15881,2708.0,NWAmes,2FmCon,Alloca,421518
1507,4613,5,1,0,1.0,25.0,0,1923,1950,4,6,12595,1767.0,Timber,TwnhsI,AdjLand,632856
1508,2659,5,1,0,0.0,,3,1959,1965,8,4,18334,2546.0,SawyerW,1Fam,Abnorml,523409
1509,4384,1,2,0,0.0,454.0,2,2000,2025,2,5,10386,2766.0,Veenker,TwnhsI,Family,638938
1510,3574,2,4,1,0.0,298.0,1,2013,2034,1,7,9609,1273.0,StoneBr,TwnhsE,AdjLand,637515
1511,2000,5,2,1,1.0,,1,1926,1952,4,4,17088,137.0,Mitchel,TwnhsE,AdjLand,333134
1512,1527,3,3,1,1.0,273.0,1,1967,1970,7,2,3007,2727.0,Timber,Duplx,Partial,416876
1513,3847,1,4,0,0.0,281.0,1,1958,1984,3,5,8190,1750.0,Timber,TwnhsI,AdjLand,578094
1514,1988,1,4,0,1.0,,1,1951,1978,2,9,16276,361.0,Veenker,TwnhsE,Family,365376
1515,1610,2,2,0,1.0,266.0,1,1977,1985,8,2,6912,1589.0,Crawfor,1Fam,Alloca,386929
1516,4686,5,3,0,1.0,282.0,1,2021,2039,5,2,17875,83.0,StoneBr,Duplx,Partial,800000
1517,2671,1,2,0,,7.0,0,1949,1966,5,9,6754,869.0,StoneBr,TwnhsI,Alloca,475091
1518,718,5,3,0,,602.0,3,1908,1909,3,8,9152,1043.0,Somerst,1Fam,Family,302805
1519,2726,4,2,0,1.0,44.0,0,2012,2027,1,2,18101,1363.0,Timber,TwnhsE,Abnorml,482703
1520,2573,5,2,1,1.0,5.0,0,2014,2033,1,2,6002,1696.0,StoneBr,2FmCon,Family,507999
1521,4387,5,2,0,0.0,33.0,0,1939,1945,7,7,19410,2518.0,Mitchel,Duplx,AdjLand,590239
1522,3702,2,3,1,0.0,619.0,3,1961,1971,1,8,2313,1054.0,CollgCr,TwnhsI,Abnorml,473197
1523,1361,5,3,0,1.0,295.0,1,2006,2023,3,7,6417,2205.0,NoRidge,Duplx,Family,493269
1524,1177,1,4,0,1.0,265.0,1,1961,1988,10,8,12435,2826.0,NridgHt,1Fam,Alloca,528798
1525,3216,2,3,1,0.0,204.0,1,1959,1960,4,5,12491,2245.0,SawyerW,1Fam,Partial,455573
1526,713,2,1,1,,62.0,0,2013,2041,8,8,18332,764.0,Veenker,TwnhsE,Abnorml,327765
1527,1935,1,3,1,1.0,273.0,1,2001,2025,4,6,19256,2033.0,StoneBr,TwnhsI,Family,520445
1528,1121,1,2,1,1.0,32.0,0,1962,1987,10,5,14040,843.0,Blmngtn,2FmCon,Alloca,312020
1529,592,1,1,0,1.0,688.0,3,1919,1920,9,6,13705,1433.0,SawyerW,TwnhsI,Normal,299807
1530,4634,1,1,1,0.0,97.0,0,1953,1970,5,4,7369,1904.0,Somerst,Duplx,AdjLand,562870
1531,904,2,3,1,0.0,298.0,1,1983,1994,7,6,16404,879.0,NWAmes,1Fam,Normal,325682
1532,541,1,4,1,,609.0,3,1933,1960,5,8,13393,11.0,ClearCr,Duplx,Abnorml,254740
1533,4698,1,2,1,0.0,644.0,3,1966,1988,10,9,1945,2511.0,NridgHt,TwnhsI,AdjLand,800000
1534,1347,5,2,1,0.0,477.0,2,1981,2000,4,6,16893,2182.0,NWAmes,2FmCon,Abnorml,368161
1535,4174,1,1,1,1.0,44.0,0,1910,1910,9,1,8153,369.0,Mitchel,TwnhsI,AdjLand,449001
1536,640,1,3,1,,248.0,1,1970,1996,7,6,10302,1132.0,NAmes,TwnhsE,Partial,262945
1537,1191,1,1,0,0.0,32.0,0,1990,2004,7,3,10492,785.0,NridgHt,2FmCon,AdjLand,394620
1538,997,1,3,1,1.0,441.0,2,1926,1930,4,3,16665,2933.0,CollgCr,TwnhsE,Alloca,345346
1539,3678,3,3,1,0.0,269.0,1,1967,1993,9,8,6456,2825.0,Blmngtn,Duplx,Normal,599424
1540,3290,5,4,0,1.0,402.0,2,1987,2014,8,5,8750,2074.0,NridgHt,1Fam,Alloca,773899
1541,2639,4,1,0,0.0,479.0,2,1905,1919,9,8,2223,1322.0,NAmes,TwnhsI,Abnorml,420491
1542,1587,3,1,1,0.0,,3,1979,1998,9,4,7947,156.0,NridgHt,2FmCon,Normal,457279
1543,899,1,2,0,1.0,213.0,1,1931,1949,2,6,3134,740.0,Veenker,Duplx,Partial,214547
1544,3061,4,3,1,,677.0,3,1948,1957,9,6,12285,,NAmes,TwnhsE,Abnorml,464438
1545,1538,1,1,0,0.0,252.0,1,1979,2001,9,9,18024,2368.0,CollgCr,1Fam,Abnorml,376162
1546,3155,4,4,1,1.0,431.0,2,1900,1929,3,2,10096,264.0,Gilbert,TwnhsE,Partial,438719
1547,3593,3,1,1,1.0,445.0,2,1902,1930,10,6,18373,2032.0,Crawfor,2FmCon,Family,636379
1548,4322,5,1,0,0.0,651.0,3,1954,1974,6,4,19576,2857.0,NWAmes,Duplx,AdjLand,639506
1549,2722,2,1,0,0.0,221.0,1,2016,2026,4,5,2495,923.0,NridgHt,Duplx,Alloca,529950
1550,521,4,3,1,1.0,660.0,3,1900,1927,3,8,11053,2052.0,Gilbert,TwnhsE,Normal,299807
1551,1763,3,3,0,0.0,262.0,1,1997,2024,4,2,11273,2637.0,NoRidge,1Fam,Normal,548583
1552,4340,3,2,0,0.0,236.0,1,1909,1909,1,5,8625,1282.0,StoneBr,1Fam,Partial,645963
1553,2899,5,3,1,0.0,246.0,1,1960,1970,7,4,16863,1346.0,Crawfor,Duplx,Alloca,507158
1554,3286,4,3,1,1.0,461.0,2,1952,1968,8,9,8806,601.0,ClearCr,1Fam,Family,532225
1555,2560,3,2,0,1.0,450.0,2,1957,1974,7,2,2521,1282.0,StoneBr,2FmCon,Normal,564996
1556,1232,3,2,0,1.0,43.0,0,1910,1931,6,3,11636,2620.0,NWAmes,TwnhsE,Partial,319091
1557,4535,4,1,1,0.0,695.0,3,1992,2007,4,1,5235,1990.0,Veenker,TwnhsI,Partial,675466
1558,3978,2,1,1,0.0,687.0,3,1933,1933,8,4,8065,604.0,SawyerW,TwnhsE,Alloca,521983
1559,4978,1,2,0,0.0,37.0,0,1994,1998,9,1,10784,1579.0,NoRidge,2FmCon,Abnorml,800000
1560,4349,3,1,0,0.0,671.0,3,1980,2002,1,5,14873,2120.0,Timber,TwnhsI,Partial,648134
1561,1810,1,2,0,0.0,481.0,2,1967,1987,4,3,6645,232.0,Veenker,Duplx,Family,370204
1562,1644,1,1,0,1.0,11.0,0,1937,1956,10,4,8542,,CollgCr,1Fam,Partial,368493
1563,1618,3,3,1,1.0,259.0,1,1980,1993,9,6,2756,603.0,ClearCr,TwnhsE,Alloca,405146
1564,4634,4,1,0,0.0,679.0,3,2022,2030,10,7,8606,883.0,StoneBr,Duplx,AdjLand,800000
1565,3006,4,1,1,1.0,205.0,1,2013,2022,2,1,12234,1249.0,CollgCr,2FmCon,AdjLand,451906
1566,2545,2,3,0,1.0,633.0,3,2012,2032,5,2,12914,1514.0,NAmes,TwnhsE,Abnorml,422053
1567,4857,3,1,1,1.0,279.0,1,1927,1942,2,3,6924,2748.0,StoneBr,TwnhsE,Family,752363
1568,3215,1,2,0,1.0,93.0,0,1971,1974,9,5,2625,,Timber,2FmCon,Abnorml,517680
1569,4592,4,2,1,0.0,299.0,1,1948,1959,6,8,12180,767.0,Crawfor,1Fam,Family,622001
1570,4930,2,1,1,0.0,460.0,2,2018,2042,3,2,13624,1136.0,Gilbert,Duplx,Family,629912
1571,857,4,3,0,0.0,404.0,2,2016,2033,1,1,3075,2571.0,StoneBr,1Fam,AdjLand,374877
1572,2126,5,3,1,1.0,602.0,3,2006,2031,8,6,10841,2895.0,Timber,TwnhsE,Family,571986
1573,3803,4,1,0,1.0,81.0,0,1920,1935,9,9,3259,1363.0,Timber,Duplx,Alloca,578739
1574,4159,2,3,1,0.0,673.0,3,1939,1953,9,8,9880,2079.0,Blmngtn,2FmCon,Alloca,633117
1575,1168,5,3,1,0.0,419.0,2,1987,2015,10,6,13355,2751.0,NridgHt,Duplx,Normal,586138
1576,1932,4,2,1,1.0,,0,1992,2007,9,1,14806,2539.0,Blmngtn,2FmCon,Normal,440843
1577,2966,4,3,1,0.0,614.0,3,1943,1947,8,6,14704,2043.0,ClearCr,2FmCon,Normal,600956
1578,4096,5,4,0,,287.0,1,1916,1928,9,5,15527,1621.0,Veenker,2FmCon,Normal,692092
1579,1008,5,2,0,1.0,476.0,2,1916,1935,10,5,5962,2953.0,SawyerW,TwnhsE,Family,388732
1580,3203,1,2,1,1.0,494.0,2,1984,1994,5,5,17155,717.0,SawyerW,TwnhsI,Abnorml,457421
1581,1833,5,2,0,0.0,11.0,0,1955,1967,8,6,7968,1088.0,SawyerW,TwnhsE,Normal,368900
1582,1473,4,3,1,0.0,69.0,0,1960,1986,9,7,8433,2138.0,Mitchel,2FmCon,Family,367244
1583,2819,2,3,1,0.0,492.0,2,2000,2013,2,2,16070,62.0,Timber,TwnhsI,Abnorml,465228
1584,2363,2,1,0,0.0,253.0,1,1902,1911,7,1,7550,1501.0,SawyerW,1Fam,Alloca,365817
1585,3360,4,2,1,0.0,77.0,0,1992,1995,4,1,2885,2563.0,StoneBr,2FmCon,Family,654837
1586,1929,2,3,1,0.0,60.0,0,1933,1945,2,4,14715,530.0,Veenker,1Fam,AdjLand,351598
1587,4204,3,1,0,1.0,600.0,3,2014,2036,2,5,13748,2409.0,CollgCr,TwnhsI,Family,626328
1588,851,4,4,1,0.0,42.0,0,2017,2025,2,8,12263,1237.0,NWAmes,1Fam,Family,283950
1589,4378,4,3,0,0.0,26.0,0,1961,1975,9,4,4150,2581.0,CollgCr,Duplx,Normal,648810
1590,634,5,3,1,1.0,408.0,2,1938,1957,8,5,13188,1904.0,CollgCr,1Fam,Normal,360051
1591,3811,1,1,1,1.0,59.0,0,1928,1955,2,9,5170,471.0,Somerst,2FmCon,Partial,441250
1592,2059,2,3,1,,492.0,2,1922,1946,7,7,11777,2205.0,CollgCr,TwnhsE,AdjLand,448320
1593,2225,5,2,0,0.0,405.0,2,2022,2030,7,7,10896,168.0,Crawfor,TwnhsI,Alloca,434038
1594,585,3,3,0,0.0,432.0,2,1923,1927,6,4,15794,729.0,Crawfor,1Fam,Abnorml,294442
1595,3659,2,3,0,,266.0,1,1954,1974,7,2,19566,2665.0,CollgCr,1Fam,Abnorml,605576
1596,1244,2,2,1,0.0,,3,1958,1965,10,9,5015,2627.0,Blmngtn,2FmCon,Abnorml,387753
1597,3466,2,2,1,1.0,411.0,2,1983,1994,6,5,3622,139.0,Veenker,TwnhsI,Abnorml,540702
1598,3763,3,3,0,0.0,219.0,1,2003,2006,7,1,11780,1138.0,StoneBr,1Fam,Family,704434
1599,4303,2,3,0,1.0,2.0,0,1968,1991,6,5,19111,282.0,Veenker,1Fam,Partial,606923
1600,3686,4,3,1,0.0,299.0,1,1993,1997,4,1,4424,813.0,ClearCr,Duplx,Family,544040
1601,1856,3,2,0,0.0,,0,1969,1980,9,9,10516,2902.0,StoneBr,2FmCon,Normal,520391
1602,3823,4,4,0,,94.0,0,1953,1965,5,5,9034,585.0,StoneBr,1Fam,Normal,627808
1603,4216,1,1,1,1.0,268.0,1,1919,1920,8,8,7383,1924.0,NAmes,Duplx,Alloca,508279
1604,1927,4,2,0,1.0,34.0,0,1925,1948,7,5,13783,2412.0,Veenker,TwnhsE,Abnorml,453544
1605,1058,5,3,1,0.0,94.0,0,1953,1971,7,1,6966,2642.0,NWAmes,1Fam,Normal,341089
1606,4505,1,1,0,1.0,226.0,1,1905,1921,8,6,10621,1062.0,NridgHt,TwnhsE,AdjLand,735192
1607,1165,2,2,1,1.0,418.0,2,1938,1943,8,6,17139,2090.0,NAmes,1Fam,Normal,316178
1608,3172,4,3,0,1.0,80.0,0,1956,1957,6,3,8522,1450.0,Timber,TwnhsE,Normal,520152
1609,1563,4,3,1,1.0,255.0,1,1958,1959,7,7,1890,322.0,Somerst,2FmCon,Partial,342180
1610,1067,4,1,0,0.0,42.0,0,2000,2018,6,3,17871,668.0,NWAmes,2FmCon,AdjLand,273331
1611,3993,3,1,1,0.0,58.0,0,2019,2041,4,7,6578,2244.0,Timber,1Fam,AdjLand,604918
1612,1146,4,1,0,1.0,96.0,0,1989,2012,8,7,15797,2058.0,CollgCr,TwnhsI,AdjLand,358814
1613,3516,4,3,0,1.0,228.0,1,1909,1933,9,2,15611,1563.0,NWAmes,Duplx,Normal,547380
1614,3618,1,2,1,1.0,490.0,2,1950,1961,8,3,11236,2343.0,NoRidge,TwnhsE,Abnorml,771304
1615,771,4,3,0,1.0,691.0,3,1989,1989,8,2,3124,2073.0,NoRidge,2FmCon,Partial,490765
1616,1278,3,3,1,,475.0,2,1973,1980,9,7,19075,1018.0,NWAmes,1Fam,Abnorml,398896
1617,4074,1,3,1,0.0,415.0,2,1956,1979,4,3,14096,881.0,Timber,1Fam,AdjLand,611064
1618,2782,3,1,0,0.0,608.0,3,1953,1975,1,6,9350,2835.0,Mitchel,Duplx,Abnorml,417745
1619,1046,3,4,0,1.0,212.0,1,1949,1964,4,4,17296,2915.0,Mitchel,2FmCon,AdjLand,334895
1620,4962,1,1,1,0.0,670.0,3,1971,1971,8,1,16079,91.0,Mitchel,TwnhsE,Family,555210
1621,1692,5,1,0,1.0,,3,1921,1944,9,8,15565,2372.0,NAmes,TwnhsE,AdjLand,410903
1622,518,2,1,1,0.0,498.0,2,1963,1987,6,7,4606,398.0,SawyerW,2FmCon,Partial,204522
1623,4658,2,1,0,1.0,600.0,3,1925,1931,8,3,13207,2583.0,Somerst,Duplx,Partial,721858
1624,574,3,4,0,0.0,37.0,0,1983,2007,1,8,6787,1766.0,NAmes,2FmCon,AdjLand,185738
1625,2990,5,1,0,0.0,626.0,3,2006,2025,7,7,2951,2063.0,Somerst,TwnhsE,Alloca,554050
1626,4968,4,3,1,1.0,488.0,2,1962,1988,7,8,7754,2104.0,CollgCr,TwnhsE,Abnorml,681169
1627,3100,4,2,0,0.0,12.0,0,1947,1965,6,2,3424,1814.0,NoRidge,TwnhsE,Normal,634898
1628,3130,2,1,0,0.0,40.0,0,2015,2017,8,1,3457,752.0,NAmes,1Fam,Alloca,375381
1629,2246,5,2,1,1.0,486.0,2,1981,2000,5,1,14950,2421.0,CollgCr,2FmCon,AdjLand,469455
1630,1071,5,1,0,0.0,297.0,1,1952,1955,6,5,10783,1662.0,NAmes,TwnhsI,Normal,289908
1631,3077,3,2,0,1.0,291.0,1,1903,1910,7,8,8860,1635.0,Somerst,2FmCon,AdjLand,496344
1632,4537,3,2,0,0.0,265.0,1,1901,1927,8,9,5056,955.0,Veenker,1Fam,Normal,619805
1633,909,1,2,1,,616.0,3,1927,1956,3,9,15762,30.0,Crawfor,1Fam,AdjLand,277985
1634,4461,4,1,0,0.0,209.0,1,1929,1943,4,6,13232,1662.0,SawyerW,1Fam,Alloca,560061
1635,2367,5,3,0,1.0,41.0,0,1988,1996,5,6,12333,1035.0,CollgCr,TwnhsE,Normal,446100
1636,2912,3,3,1,0.0,247.0,1,1961,1972,3,3,5016,1977.0,NWAmes,1Fam,Alloca,438418
1637,1244,3,1,0,1.0,51.0,0,2022,2029,4,1,3785,1093.0,Timber,Duplx,Normal,299928
1638,3298,3,2,1,0.0,404.0,2,1966,1983,4,2,3784,2918.0,NWAmes,2FmCon,Abnorml,492101
1639,1320,1,1,1,1.0,667.0,3,2011,2023,4,1,1963,2042.0,Gilbert,1Fam,Alloca,300910
1640,1729,4,4,0,1.0,639.0,3,1967,1968,5,7,19428,1367.0,Mitchel,TwnhsI,Partial,405107
1641,3747,4,3,1,0.0,410.0,2,1944,1962,6,5,8303,2124.0,NoRidge,TwnhsE,Family,783861
1642,727,5,2,1,0.0,691.0,3,1987,2006,7,7,13677,1944.0,Somerst,TwnhsI,Family,381296
1643,2512,5,3,0,1.0,235.0,1,1955,1975,4,2,19671,1861.0,NridgHt,TwnhsI,Family,632163
1644,3175,3,3,0,1.0,423.0,2,1933,1961,9,9,18824,1734.0,ClearCr,TwnhsI,Normal,607336
1645,1094,5,3,0,1.0,49.0,0,1958,1979,5,7,7430,2795.0,NWAmes,TwnhsE,Abnorml,330261
1646,1826,3,1,0,1.0,495.0,2,1981,2001,8,9,10562,952.0,Blmngtn,Duplx,Abnorml,412834
1647,2045,4,4,0,0.0,482.0,2,1946,1952,2,6,10066,1297.0,NWAmes,TwnhsE,AdjLand,362812
1648,3486,4,4,1,1.0,9.0,0,1986,1999,2,4,2117,759.0,NWAmes,Duplx,Partial,409654
1649,4895,5,4,1,1.0,,2,2020,2033,5,6,15713,1708.0,NAmes,1Fam,Alloca,646707
1650,4263,4,4,1,1.0,466.0,2,1950,1978,4,6,12125,2963.0,Mitchel,2FmCon,Abnorml,573966
1651,1353,1,4,0,0.0,288.0,1,1936,1950,5,2,8371,1825.0,CollgCr,Duplx,Abnorml,326237
1652,581,1,3,1,0.0,496.0,2,1949,1969,2,1,11829,620.0,Mitchel,1Fam,AdjLand,178537
1653,733,3,1,0,0.0,274.0,1,2003,2019,5,6,15105,2764.0,NoRidge,TwnhsI,AdjLand,420428
1654,3180,3,2,0,1.0,265.0,1,1922,1923,7,1,1777,2370.0,Gilbert,TwnhsI,Alloca,455949
1655,1203,4,1,1,0.0,35.0,0,2019,2047,8,1,13451,1320.0,Crawfor,Duplx,Abnorml,354675
1656,1540,3,1,0,1.0,289.0,1,1950,1970,3,1,17432,439.0,NAmes,Duplx,AdjLand,265976
1657,4313,3,3,1,1.0,694.0,3,2003,2009,4,6,14938,1207.0,Crawfor,TwnhsI,Family,650369
1658,4432,5,3,0,0.0,699.0,3,1996,1997,6,9,12969,2413.0,StoneBr,Duplx,AdjLand,800000
1659,4275,2,2,0,0.0,495.0,2,1996,2024,6,5,3175,1731.0,Gilbert,TwnhsE,Family,586115
1660,1641,3,3,1,0.0,464.0,2,2011,2020,8,2,15276,557.0,NAmes,Duplx,Partial,346444
1661,3288,3,1,0,1.0,495.0,2,1922,1922,4,5,15387,475.0,NoRidge,2FmCon,Normal,634056
1662,3248,3,1,0,1.0,278.0,1,1973,1991,7,5,10637,2901.0,NoRidge,TwnhsE,Alloca,733667
1663,1333,5,4,0,0.0,,1,1912,1912,9,6,12279,1341.0,Blmngtn,1Fam,Partial,383738
1664,2990,5,2,1,0.0,403.0,2,1936,1942,3,4,12940,2057.0,CollgCr,2FmCon,Normal,497654
1665,2863,3,2,1,0.0,698.0,3,1904,1930,9,5,3740,1081.0,CollgCr,TwnhsE,Normal,487668
1666,2282,3,2,0,1.0,242.0,1,1983,1984,4,3,6263,270.0,NridgHt,TwnhsE,Abnorml,465693
1667,3882,3,1,0,1.0,487.0,2,1974,1996,4,9,16157,1235.0,CollgCr,TwnhsI,Abnorml,553580
1668,3549,1,3,0,0.0,228.0,1,1991,2009,7,5,19514,2079.0,CollgCr,TwnhsE,Alloca,605041
1669,2896,3,3,1,0.0,236.0,1,1921,1930,7,3,6496,1000.0,SawyerW,1Fam,AdjLand,417937
1670,3765,2,3,0,0.0,282.0,1,1940,1948,6,1,8913,1810.0,Somerst,TwnhsI,Abnorml,555556
1671,3933,1,2,1,1.0,52.0,0,1983,1997,3,7,18432,1314.0,Somerst,Duplx,Normal,547332
1672,3051,1,3,1,1.0,267.0,1,2001,2016,1,4,4503,1012.0,NridgHt,1Fam,Normal,516358
1673,1704,3,4,0,0.0,432.0,2,2008,2034,10,3,6331,765.0,CollgCr,Duplx,Family,404316
1674,3912,1,3,1,1.0,461.0,2,1909,1916,9,5,2534,782.0,Blmngtn,1Fam,Partial,523221
1675,3729,4,2,1,0.0,648.0,3,1949,1966,9,5,5843,767.0,Veenker,Duplx,Normal,646151
1676,4925,3,1,1,1.0,93.0,0,1901,1921,6,8,13269,2156.0,Gilbert,Duplx,Alloca,608029
1677,1174,2,2,1,0.0,649.0,3,2000,2000,9,5,7942,,NAmes,1Fam,Family,330646
1678,2386,4,2,1,1.0,608.0,3,1915,1941,5,7,19692,2224.0,StoneBr,TwnhsI,Normal,575280
1679,4659,3,3,0,0.0,273.0,1,2001,2030,1,6,17993,933.0,CollgCr,Duplx,Family,607990
1680,2815,4,1,1,1.0,,1,1919,1921,2,8,18072,981.0,Gilbert,TwnhsI,Alloca,404451
1681,4741,4,1,1,1.0,288.0,1,1901,1908,3,1,14937,2772.0,NoRidge,Duplx,Abnorml,800000
1682,556,1,3,0,0.0,410.0,2,2008,2031,4,4,14488,2628.0,StoneBr,Duplx,Alloca,404730
1683,658,2,2,1,1.0,699.0,3,1953,1977,10,7,10928,1202.0,Somerst,TwnhsI,Partial,351639
1684,4082,3,2,1,1.0,434.0,2,1952,1956,4,2,19826,806.0,StoneBr,2FmCon,AdjLand,707855
1685,2112,5,2,1,0.0,483.0,2,1979,2006,7,4,3264,2146.0,Somerst,TwnhsI,Normal,476912
1686,2841,1,2,1,0.0,463.0,2,1933,1942,3,4,14872,209.0,StoneBr,1Fam,Abnorml,532989
1687,2426,1,3,0,1.0,97.0,0,1984,1992,7,8,4094,1369.0,Mitchel,TwnhsI,Alloca,366226
1688,2335,5,1,1,0.0,434.0,2,1952,1962,6,9,7776,,CollgCr,TwnhsE,Alloca,430164
1689,4727,5,3,1,0.0,60.0,0,1933,1953,2,1,6228,2027.0,Veenker,Duplx,Normal,640858
1690,923,1,1,0,1.0,668.0,3,1948,1954,5,2,12622,,NWAmes,2FmCon,Abnorml,271737
1691,3974,3,2,0,1.0,615.0,3,1900,1916,2,7,16063,8.0,NoRidge,Duplx,AdjLand,672776
1692,4503,4,3,0,0.0,477.0,2,1937,1939,9,2,2975,829.0,CollgCr,Duplx,Family,632983
1693,3458,1,4,0,0.0,214.0,1,1972,1976,8,5,12630,357.0,Gilbert,TwnhsI,Alloca,500190
1694,2277,2,1,1,1.0,482.0,2,1916,1939,10,9,5601,,SawyerW,TwnhsI,Alloca,403505
1695,1220,2,3,0,0.0,412.0,2,1914,1925,9,9,2924,2758.0,Timber,Duplx,Partial,398999
1696,3571,4,1,0,0.0,417.0,2,1980,2003,3,9,9224,859.0,CollgCr,2FmCon,Normal,484976
1697,2609,2,1,0,0.0,449.0,2,1952,1974,8,2,12253,1361.0,NWAmes,2FmCon,Alloca,458847
1698,1172,3,3,0,0.0,18.0,0,1916,1945,2,2,5233,644.0,NWAmes,2FmCon,Alloca,202131
1699,2118,2,3,1,1.0,7.0,0,1991,1995,10,2,8711,131.0,StoneBr,1Fam,Partial,516702
1700,4826,4,2,0,0.0,205.0,1,1995,2023,8,7,19139,2109.0,NAmes,1Fam,AdjLand,653103
1701,1694,1,3,0,0.0,428.0,2,1904,1930,7,2,7914,769.0,Veenker,TwnhsE,Abnorml,382836
1702,1302,2,2,1,1.0,,1,1924,1937,10,4,19918,1640.0,Somerst,2FmCon,Partial,385778
1703,3568,2,1,1,1.0,404.0,2,1945,1949,9,8,16933,2049.0,StoneBr,Duplx,Abnorml,712781
1704,1397,5,2,0,1.0,213.0,1,1989,1993,9,5,8362,2519.0,StoneBr,TwnhsE,Partial,515358
1705,4639,5,2,0,1.0,661.0,3,1909,1924,2,9,12170,,Timber,TwnhsE,Normal,650516
1706,4365,3,3,1,0.0,231.0,1,1999,1999,1,5,14620,1743.0,StoneBr,2FmCon,AdjLand,743339
1707,4925,1,2,1,0.0,675.0,3,1939,1941,10,4,10095,2732.0,Gilbert,TwnhsE,Abnorml,678073
1708,4606,4,2,1,0.0,284.0,1,1915,1930,3,9,9043,1450.0,CollgCr,1Fam,Alloca,560097
1709,1596,3,2,1,1.0,203.0,1,2006,2022,5,5,7600,121.0,Somerst,Duplx,AdjLand,329167
1710,1454,5,3,1,0.0,494.0,2,1910,1935,1,2,4080,783.0,CollgCr,1Fam,Family,290493
1711,2041,2,1,1,1.0,268.0,1,1915,1944,7,6,1961,2384.0,Blmngtn,Duplx,Abnorml,397533
1712,2614,5,4,0,0.0,82.0,0,2016,2024,9,7,7733,2376.0,StoneBr,1Fam,Abnorml,648988
1713,4459,5,2,0,1.0,247.0,1,1963,1972,9,8,16221,943.0,Veenker,TwnhsI,Abnorml,695934
1714,3800,2,3,1,1.0,600.0,3,1956,1961,6,1,5817,590.0,Mitchel,TwnhsE,AdjLand,470623
1715,3399,4,4,1,1.0,88.0,0,1984,1990,7,1,4825,875.0,NoRidge,2FmCon,Normal,702440
1716,4452,2,2,0,1.0,256.0,1,1977,1990,6,6,7569,726.0,NAmes,TwnhsE,Alloca,506415
1717,3406,2,1,1,0.0,403.0,2,1975,2004,5,7,12579,2222.0,NAmes,2FmCon,Alloca,454801
1718,2205,2,3,0,0.0,416.0,2,1902,1928,6,6,5477,2524.0,Timber,Duplx,Alloca,465749
1719,2358,4,1,1,0.0,220.0,1,1967,1994,10,4,5577,139.0,Veenker,1Fam,Normal,433666
1720,2826,2,2,0,0.0,37.0,0,1934,1947,3,7,3578,2223.0,Timber,Duplx,Partial,450509
1721,899,4,4,1,1.0,,0,1999,2018,5,6,7645,2257.0,CollgCr,1Fam,AdjLand,368540
1722,3837,3,2,0,1.0,242.0,1,1962,1983,7,9,5522,1838.0,Timber,1Fam,Partial,616630
1723,3437,4,3,0,1.0,686.0,3,1915,1922,6,4,16877,2613.0,NWAmes,Duplx,Partial,567086
1724,3790,5,2,1,0.0,94.0,0,2009,2022,1,7,18256,116.0,Somerst,Duplx,Alloca,520609
1725,2902,1,1,0,0.0,667.0,3,1934,1950,3,2,8354,2099.0,NAmes,2FmCon,Family,374271
1726,4023,5,2,0,0.0,,2,1933,1944,7,7,3076,381.0,SawyerW,1Fam,Abnorml,520094
1727,4773,1,2,0,,86.0,0,2015,2029,7,7,3117,2691.0,ClearCr,Duplx,Abnorml,666950
1728,3064,3,1,1,1.0,226.0,1,1995,2008,8,3,7507,,CollgCr,TwnhsI,Abnorml,485744
1729,2499,2,2,0,0.0,55.0,0,2005,2006,10,1,10074,272.0,NoRidge,TwnhsE,Partial,603744
1730,970,4,2,0,0.0,664.0,3,1981,2004,7,9,11276,2239.0,NridgHt,1Fam,AdjLand,494775
1731,4004,4,3,1,1.0,428.0,2,2011,2038,6,1,7126,2247.0,Crawfor,TwnhsI,Alloca,652174
1732,4567,5,1,1,0.0,295.0,1,1914,1936,4,5,8058,1392.0,Crawfor,Duplx,Abnorml,587035
1733,3647,3,3,0,,223.0,1,1973,2001,4,1,6748,931.0,Somerst,Duplx,Abnorml,532017
1734,4395,5,2,1,0.0,405.0,2,1936,1948,9,4,11075,51.0,NridgHt,1Fam,Normal,786054
1735,4375,2,3,1,1.0,32.0,0,1949,1950,5,8,14392,2723.0,SawyerW,2FmCon,Normal,567559
1736,4091,2,2,0,1.0,281.0,1,1929,1937,8,5,2303,552.0,ClearCr,TwnhsE,Normal,559503
1737,2762,2,2,0,0.0,37.0,0,1925,1950,2,3,10356,2528.0,Crawfor,2FmCon,Abnorml,409902
1738,949,3,4,1,0.0,421.0,2,1954,1958,2,4,13498,1766.0,ClearCr,1Fam,Alloca,332394
1739,514,4,1,1,0.0,487.0,2,2012,2028,3,1,13942,2055.0,Crawfor,1Fam,Alloca,282915
1740,1419,5,1,0,1.0,215.0,1,1978,1978,2,6,11924,2082.0,Blmngtn,TwnhsI,Family,336705
1741,2439,2,3,0,1.0,15.0,0,1942,1951,7,1,11215,2574.0,NWAmes,TwnhsI,AdjLand,440468
1742,3846,2,3,1,0.0,289.0,1,1953,1956,7,4,14097,100.0,CollgCr,1Fam,Partial,519369
1743,2551,5,4,1,,632.0,3,1965,1968,6,1,8499,2973.0,StoneBr,TwnhsI,Family,674086
1744,604,3,2,1,0.0,0.0,0,1930,1934,3,3,11994,129.0,Mitchel,TwnhsI,Normal,190683
1745,1446,2,1,0,,43.0,0,1964,1980,6,1,7410,2997.0,Veenker,2FmCon,AdjLand,348384
1746,4906,5,1,1,1.0,74.0,0,1985,2005,2,9,9601,783.0,NoRidge,TwnhsE,Alloca,761114
1747,4946,3,2,0,0.0,675.0,3,1929,1937,5,7,3795,2537.0,NoRidge,2FmCon,AdjLand,800000
1748,2197,5,1,0,0.0,8.0,0,1971,1995,2,9,7977,250.0,NWAmes,2FmCon,Abnorml,344574
1749,4122,5,4,1,0.0,428.0,2,1987,1998,1,7,4128,1382.0,Somerst,TwnhsE,AdjLand,582325
1750,3736,5,1,1,0.0,661.0,3,1963,1985,2,5,5689,1625.0,NoRidge,2FmCon,Family,714764
1751,4690,3,4,1,0.0,466.0,2,1935,1950,2,2,9260,2862.0,SawyerW,2FmCon,Abnorml,602152
1752,4494,4,1,1,0.0,262.0,1,1968,1989,5,9,10751,371.0,Veenker,2FmCon,AdjLand,608612
1753,3329,5,1,0,,33.0,0,1997,2026,6,9,18926,109.0,NAmes,1Fam,Normal,439220
1754,2275,2,1,1,1.0,86.0,0,1927,1956,7,4,1981,1944.0,Mitchel,TwnhsI,Abnorml,328818
1755,3319,1,1,1,0.0,7.0,0,1970,1987,5,3,18123,147.0,NoRidge,TwnhsE,Alloca,602077
1756,1936,2,2,0,0.0,682.0,3,1983,2011,2,4,7572,2331.0,Gilbert,TwnhsI,Partial,351684
1757,2066,4,2,1,1.0,93.0,0,1939,1960,1,4,14897,114.0,Blmngtn,Duplx,Abnorml,307011
1758,3239,3,2,0,1.0,68.0,0,1947,1955,8,9,14040,2911.0,StoneBr,1Fam,Partial,702373
1759,3071,1,2,0,1.0,642.0,3,2009,2037,10,1,19460,1598.0,Somerst,2FmCon,Normal,618119
1760,3114,3,1,1,0.0,238.0,1,1944,1948,3,6,3511,2845.0,Crawfor,2FmCon,Alloca,478772
1761,2231,1,1,0,1.0,243.0,1,1973,1987,3,7,19392,379.0,StoneBr,TwnhsI,Family,454937
1762,2341,3,1,1,0.0,416.0,2,1918,1922,4,7,2663,820.0,Gilbert,2FmCon,Normal,346050
1763,545,3,1,1,0.0,422.0,2,2013,2036,3,2,17730,1364.0,Veenker,TwnhsE,Abnorml,295481
1764,3207,4,1,1,,663.0,3,1973,1999,3,4,13565,88.0,NAmes,1Fam,Family,405593
1765,3091,3,2,1,0.0,255.0,1,1993,2017,5,4,10415,308.0,SawyerW,TwnhsI,Family,401445
1766,4709,3,2,1,0.0,449.0,2,1974,1977,8,4,8858,988.0,Blmngtn,TwnhsE,Alloca,633522
1767,2769,4,2,0,,647.0,3,1943,1951,8,1,3231,2211.0,NridgHt,Duplx,Alloca,661332
1768,2604,4,2,1,1.0,207.0,1,1941,1951,10,1,16333,2125.0,NoRidge,2FmCon,Family,727142
1769,804,5,2,1,0.0,286.0,1,1986,1989,4,1,14967,260.0,StoneBr,2FmCon,Partial,362101
1770,1385,2,2,0,0.0,695.0,3,2005,2020,5,9,18840,179.0,Crawfor,2FmCon,Family,358327
1771,2021,3,2,1,1.0,24.0,0,1915,1916,4,4,15012,1968.0,NWAmes,Duplx,Family,331164
1772,2197,2,1,1,1.0,31.0,0,2003,2021,1,3,19205,,StoneBr,TwnhsI,Abnorml,445695
1773,2132,3,2,0,1.0,463.0,2,2002,2019,4,8,17905,2376.0,Gilbert,2FmCon,Normal,454239
1774,2273,1,1,0,0.0,600.0,3,1913,1930,3,5,9373,894.0,NoRidge,TwnhsE,AdjLand,476445
1775,3960,3,2,0,,10.0,0,1913,1940,5,4,14518,1088.0,Timber,Duplx,Alloca,588989
1776,1089,1,4,1,1.0,690.0,3,1985,2008,2,2,6390,658.0,CollgCr,TwnhsE,Family,284768
1777,1995,3,2,0,1.0,617.0,3,2003,2010,8,4,16211,799.0,SawyerW,TwnhsE,Normal,433796
1778,1232,5,1,0,0.0,657.0,3,1948,1965,9,6,12759,2118.0,NWAmes,1Fam,Partial,365680
1779,1885,5,3,1,1.0,288.0,1,1978,2002,10,6,9646,,Crawfor,1Fam,Alloca,484784
1780,3580,3,1,1,1.0,273.0,1,2022,2047,1,4,13121,1977.0,NoRidge,TwnhsI,Normal,663021
1781,710,1,1,1,,427.0,2,1939,1958,2,6,6627,235.0,Veenker,1Fam,Alloca,213440
1782,2027,2,1,1,0.0,15.0,0,1927,1929,10,7,13013,,NWAmes,Duplx,Abnorml,381982
1783,606,1,4,1,0.0,671.0,3,2021,2034,9,9,10284,1375.0,NridgHt,TwnhsE,Normal,462150
1784,4797,4,4,1,1.0,440.0,2,1934,1959,6,5,7452,2732.0,Gilbert,Duplx,Abnorml,667042
1785,3772,5,2,0,,296.0,1,1958,1960,4,3,19547,1270.0,Gilbert,1Fam,Alloca,553058
1786,1596,3,3,0,1.0,464.0,2,1954,1971,6,2,2679,309.0,NWAmes,1Fam,Family,320763
1787,1391,1,3,1,0.0,401.0,2,1964,1980,6,2,15517,2091.0,Timber,TwnhsE,Normal,437242
1788,945,1,3,1,1.0,425.0,2,1933,1939,9,1,5385,449.0,Timber,TwnhsI,Partial,344964
1789,2627,5,2,1,1.0,674.0,3,1983,1993,6,6,5616,2727.0,StoneBr,2FmCon,Abnorml,656249
1790,3890,2,4,0,0.0,670.0,3,1985,2014,1,2,4356,1150.0,Somerst,Duplx,Alloca,581961
1791,3128,1,3,0,,674.0,3,1924,1941,7,3,3394,2353.0,Crawfor,TwnhsI,Alloca,531679
1792,4464,1,1,0,1.0,423.0,2,1959,1987,8,7,3792,1967.0,NridgHt,TwnhsI,Family,796799
1793,2047,2,2,0,0.0,424.0,2,1907,1921,3,3,16904,1394.0,CollgCr,Duplx,Partial,380887
1794,1751,4,4,1,0.0,220.0,1,1927,1952,2,8,18636,1752.0,Timber,TwnhsE,Abnorml,414649
1795,2651,5,2,1,0.0,69.0,0,2021,2039,2,2,12318,548.0,CollgCr,TwnhsI,Abnorml,411807
1796,1409,2,1,1,0.0,201.0,1,1962,1989,9,4,1756,222.0,Veenker,TwnhsE,Alloca,332609
1797,4890,4,4,1,0.0,681.0,3,1976,1985,5,1,17493,2298.0,NAmes,Duplx,Partial,647354
1798,1335,1,3,0,0.0,28.0,0,2009,2020,6,5,12634,,Veenker,TwnhsE,Normal,408765
1799,2654,1,2,1,,448.0,2,1987,1988,10,2,11136,2585.0,Mitchel,2FmCon,Family,490451
1800,2849,1,2,1,1.0,24.0,0,1997,2003,1,3,19028,915.0,StoneBr,TwnhsI,Normal,507179
1801,756,5,1,1,0.0,242.0,1,1987,1991,3,7,9081,1074.0,NridgHt,1Fam,Family,286370
1802,2607,3,2,0,,76.0,0,1961,1966,9,8,8160,1076.0,StoneBr,2FmCon,Normal,577767
1803,2546,5,2,0,0.0,419.0,2,1977,1986,6,5,15926,2107.0,ClearCr,2FmCon,AdjLand,523682
1804,1667,1,4,1,1.0,656.0,3,1935,1961,1,9,11251,1870.0,Mitchel,2FmCon,Abnorml,308498
1805,1075,1,2,0,1.0,605.0,3,2009,2020,8,7,14762,2389.0,StoneBr,Duplx,Alloca,480495
1806,703,5,1,1,,417.0,2,1922,1946,2,7,14371,2835.0,NWAmes,TwnhsE,Partial,281039
1807,538,1,2,1,0.0,68.0,0,2008,2032,8,9,17029,1177.0,Gilbert,TwnhsI,Partial,266497
1808,2666,1,4,1,0.0,456.0,2,2008,2037,8,1,7367,1988.0,Somerst,Duplx,Partial,524036
1809,904,3,2,1,0.0,61.0,0,1917,1932,9,3,2832,1501.0,Somerst,TwnhsE,Family,288767
1810,4816,4,2,1,0.0,222.0,1,1987,2012,5,4,10336,2864.0,NAmes,Duplx,Abnorml,599189
1811,1601,2,3,1,1.0,420.0,2,2021,2033,3,6,13479,1062.0,Gilbert,1Fam,Abnorml,383702
1812,3436,3,3,1,,442.0,2,1970,1988,9,9,16616,562.0,Timber,TwnhsE,Normal,639042
1813,3530,4,2,0,0.0,12.0,0,1941,1965,6,1,6440,1136.0,Mitchel,1Fam,Alloca,456821
1814,2729,3,4,1,0.0,688.0,3,2008,2012,7,3,15289,1856.0,ClearCr,Duplx,Alloca,567463
1815,4476,2,3,1,1.0,226.0,1,1963,1964,2,3,16895,2860.0,NridgHt,TwnhsI,AdjLand,800000
1816,998,1,1,0,0.0,671.0,3,1914,1918,7,7,16456,2486.0,SawyerW,TwnhsE,Normal,330360
1817,1553,3,2,0,1.0,415.0,2,1930,1951,6,9,16449,55.0,Mitchel,Duplx,Alloca,298380
1818,1635,5,4,0,0.0,465.0,2,1983,1997,3,9,19765,1527.0,ClearCr,2FmCon,Alloca,428423
1819,1109,4,2,0,0.0,420.0,2,1956,1964,8,7,13731,477.0,Gilbert,TwnhsI,Family,345511
1820,1826,5,2,1,1.0,628.0,3,1926,1949,2,7,8351,1086.0,Timber,TwnhsI,Family,415668
1821,1907,1,3,1,1.0,41.0,0,1998,1998,8,4,9574,2831.0,SawyerW,2FmCon,Abnorml,398857
1822,3941,1,3,0,0.0,412.0,2,1914,1919,10,6,15321,2954.0,Somerst,1Fam,Alloca,660160
1823,1857,3,4,0,0.0,12.0,0,1926,1940,6,2,5875,461.0,Veenker,Duplx,Partial,362328
1824,4445,1,1,1,0.0,275.0,1,1957,1984,2,5,12651,422.0,Crawfor,TwnhsE,AdjLand,505952
1825,3977,3,2,1,0.0,634.0,3,1904,1926,6,3,12095,2088.0,Veenker,TwnhsI,Abnorml,648620
1826,4557,5,2,0,0.0,656.0,3,1947,1967,6,9,13832,1232.0,Blmngtn,TwnhsI,AdjLand,652141
1827,973,2,1,1,1.0,264.0,1,2011,2032,6,4,9293,1298.0,NWAmes,2FmCon,Family,279166
1828,4930,3,3,1,0.0,262.0,1,2015,2024,3,4,15187,2620.0,ClearCr,2FmCon,AdjLand,706508
1829,3262,4,1,0,1.0,462.0,2,2007,2020,7,4,2821,2761.0,NWAmes,TwnhsI,Family,522728
1830,4920,1,2,0,1.0,297.0,1,1939,1965,3,9,15370,2701.0,ClearCr,2FmCon,Family,662367
1831,2096,5,2,1,0.0,63.0,0,1907,1928,6,9,16519,2348.0,NAmes,Duplx,Normal,356256
1832,4788,2,1,1,1.0,234.0,1,2000,2017,6,4,17886,2941.0,Timber,2FmCon,Family,750760
1833,3148,5,3,1,0.0,228.0,1,1945,1947,7,9,18571,2159.0,Gilbert,2FmCon,Alloca,559598
1834,823,4,1,1,1.0,,2,1992,2013,8,7,7962,2654.0,CollgCr,Duplx,Partial,384271
1835,2345,1,1,1,1.0,642.0,3,1914,1924,9,8,2358,1621.0,NAmes,2FmCon,AdjLand,369854
1836,1120,4,3,0,1.0,455.0,2,1982,1993,8,9,13589,152.0,Timber,Duplx,AdjLand,405546
1837,4735,1,4,0,0.0,281.0,1,1972,1992,8,3,3169,2449.0,StoneBr,2FmCon,Alloca,800000
1838,1870,3,1,1,0.0,423.0,2,2013,2024,9,5,6685,2789.0,Mitchel,1Fam,Alloca,403337
1839,1500,5,1,0,1.0,622.0,3,1912,1929,3,3,14495,936.0,Mitchel,TwnhsE,Normal,326632
1840,2988,5,3,0,1.0,205.0,1,1950,1950,3,3,12499,1284.0,NWAmes,TwnhsI,Normal,466790
1841,2413,5,3,0,0.0,207.0,1,2021,2026,6,5,12722,1716.0,Crawfor,Duplx,Abnorml,522822
1842,936,3,4,1,1.0,61.0,0,1947,1963,5,1,15396,1954.0,ClearCr,2FmCon,AdjLand,340079
1843,4174,3,2,1,0.0,650.0,3,1980,2008,8,2,4547,2024.0,Blmngtn,TwnhsE,Family,657536
1844,4306,2,1,1,1.0,629.0,3,1919,1941,1,8,16133,1182.0,NWAmes,Duplx,AdjLand,508956
1845,3843,5,4,0,0.0,21.0,0,1989,2001,2,2,12350,,Veenker,Duplx,Normal,653163
1846,3275,3,1,0,1.0,269.0,1,1933,1962,8,6,9272,2441.0,NoRidge,Duplx,Alloca,722861
1847,2311,4,1,0,1.0,208.0,1,1970,1978,9,7,10077,2826.0,NridgHt,TwnhsE,Partial,644256
1848,2940,2,3,0,0.0,670.0,3,2008,2034,4,3,10911,1727.0,Somerst,1Fam,Partial,528607
1849,2844,4,3,0,1.0,90.0,0,1981,1993,4,5,11681,232.0,Gilbert,1Fam,Alloca,427519
1850,1243,2,1,0,1.0,45.0,0,1958,1960,6,8,7676,2536.0,ClearCr,1Fam,Abnorml,340996
1851,868,4,1,1,1.0,249.0,1,1923,1923,5,8,5626,238.0,Blmngtn,1Fam,AdjLand,210371
1852,1639,1,3,0,0.0,453.0,2,1941,1970,2,9,4627,581.0,Crawfor,TwnhsI,Abnorml,290107
1853,2544,1,1,1,0.0,9.0,0,2004,2023,6,6,7803,855.0,Timber,TwnhsE,Partial,398007
1854,1221,2,3,1,1.0,462.0,2,1926,1930,9,8,6319,554.0,NWAmes,TwnhsE,AdjLand,310057
1855,980,3,2,0,1.0,436.0,2,1980,2009,8,4,11048,2171.0,Gilbert,TwnhsE,AdjLand,342313
1856,4333,4,3,0,0.0,646.0,3,1959,1960,9,6,18374,1321.0,NAmes,1Fam,Family,603891
1857,2187,2,2,0,1.0,2.0,0,1939,1949,7,7,3499,657.0,SawyerW,2FmCon,Abnorml,372439
1858,3129,1,2,1,1.0,87.0,0,1988,2010,9,9,7215,14.0,Somerst,TwnhsE,Family,497385
1859,2858,2,2,1,0.0,33.0,0,1944,1945,3,4,2409,649.0,Gilbert,Duplx,Alloca,329918
1860,3808,3,3,1,1.0,607.0,3,1935,1962,1,8,19533,2078.0,Somerst,Duplx,Partial,609491
1861,3829,3,2,0,0.0,478.0,2,1965,1985,2,5,14464,,Mitchel,TwnhsE,Normal,520220
1862,1832,4,3,1,1.0,,2,1993,2021,10,1,5967,888.0,Blmngtn,1Fam,Abnorml,420762
1863,4315,2,3,1,0.0,651.0,3,2006,2031,7,6,9163,219.0,SawyerW,TwnhsE,AdjLand,571219
1864,2170,4,1,1,0.0,403.0,2,1977,2001,3,9,14876,1671.0,Veenker,TwnhsE,Alloca,454232
1865,4258,4,4,0,0.0,99.0,0,1981,1987,9,5,19217,2348.0,NoRidge,Duplx,AdjLand,800000
1866,2321,4,2,0,1.0,420.0,2,1996,2002,4,5,12117,210.0,StoneBr,Duplx,Alloca,500137
1867,999,3,3,0,0.0,424.0,2,1933,1940,6,9,6511,2386.0,Crawfor,1Fam,Normal,352238
1868,3920,5,4,1,1.0,,0,1930,1934,3,9,14392,511.0,NAmes,2FmCon,AdjLand,466967
1869,635,2,4,0,1.0,433.0,2,1959,1978,1,4,14186,773.0,Blmngtn,2FmCon,Family,234722
1870,3975,4,3,1,1.0,,1,1977,1978,3,7,13413,1868.0,SawyerW,TwnhsI,Partial,521638
1871,694,1,3,0,1.0,68.0,0,1979,1991,3,6,2350,154.0,Crawfor,1Fam,Family,188771
1872,1430,1,2,1,1.0,226.0,1,1918,1935,6,6,14574,916.0,NAmes,2FmCon,Normal,294339
1873,3215,5,3,1,1.0,286.0,1,1996,2012,1,7,1863,416.0,NAmes,1Fam,Family,384173
1874,4736,3,2,0,1.0,215.0,1,1944,1958,3,3,18252,644.0,Timber,2FmCon,Alloca,675998
1875,2338,4,3,0,1.0,290.0,1,2007,2013,6,3,17816,2320.0,SawyerW,1Fam,AdjLand,452775
1876,1042,4,1,0,1.0,,2,1989,1992,4,1,11924,686.0,NoRidge,2FmCon,AdjLand,401135
1877,1548,4,4,0,0.0,223.0,1,2020,2049,7,8,13452,,CollgCr,TwnhsE,Family,383671
1878,4532,2,1,1,0.0,257.0,1,1977,1990,7,3,2755,644.0,ClearCr,TwnhsE,Partial,590238
1879,3770,1,3,1,1.0,693.0,3,1964,1981,10,7,17676,260.0,Veenker,2FmCon,Normal,637332
1880,951,1,1,1,0.0,6.0,0,1923,1940,9,7,6510,1868.0,NAmes,TwnhsE,Family,272464
1881,2232,5,1,1,0.0,281.0,1,1949,1960,3,7,6348,2918.0,Blmngtn,TwnhsE,Normal,378610
1882,1690,2,4,0,1.0,46.0,0,2005,2026,7,8,14602,503.0,StoneBr,TwnhsI,AdjLand,498645
1883,1300,3,3,0,1.0,694.0,3,1946,1957,7,8,18869,2186.0,StoneBr,TwnhsI,Abnorml,538046
1884,4309,3,1,1,1.0,20.0,0,1906,1918,6,1,10640,1088.0,NridgHt,2FmCon,Family,712866
1885,3279,1,1,0,0.0,671.0,3,1930,1954,8,8,10889,215.0,Veenker,Duplx,Family,542259
1886,1307,3,3,0,0.0,96.0,0,1973,1982,2,2,11648,2063.0,NridgHt,TwnhsE,Partial,426673
1887,3428,1,4,0,1.0,234.0,1,1977,1997,4,6,6886,629.0,Timber,2FmCon,AdjLand,511178
1888,2361,1,1,1,0.0,410.0,2,2021,2040,9,7,12536,,NWAmes,Duplx,Partial,457323
1889,776,1,3,1,1.0,639.0,3,2014,2014,9,1,19278,1521.0,Mitchel,Duplx,Partial,377049
1890,2524,5,1,0,0.0,59.0,0,1965,1985,1,3,8578,,NWAmes,2FmCon,Family,352772
1891,1333,3,3,1,0.0,63.0,0,1968,1992,5,9,15802,404.0,Crawfor,1Fam,Abnorml,358187
1892,1603,5,2,0,1.0,648.0,3,1998,2006,3,2,15817,752.0,Gilbert,1Fam,Family,377980
1893,4455,3,1,1,0.0,293.0,1,1905,1932,2,3,17240,2212.0,NAmes,TwnhsE,AdjLand,495977
1894,3696,2,2,0,,57.0,0,1973,1973,1,1,14885,2798.0,NoRidge,TwnhsI,Family,679778
1895,1103,4,2,1,0.0,464.0,2,1958,1963,6,2,18546,35.0,Mitchel,TwnhsE,AdjLand,295871
1896,4331,5,3,0,1.0,,0,1996,2024,7,6,14714,1241.0,Gilbert,2FmCon,Alloca,588465
1897,3084,3,1,1,1.0,693.0,3,1998,2023,6,8,19558,2644.0,Somerst,1Fam,Partial,592391
1898,4435,1,4,0,0.0,634.0,3,1980,2002,4,6,14733,860.0,ClearCr,TwnhsE,Partial,635144
1899,3861,2,3,0,1.0,628.0,3,1980,1998,8,3,16982,1342.0,ClearCr,1Fam,Abnorml,629159
1900,2026,5,4,0,,274.0,1,1985,1991,7,8,17971,2712.0,StoneBr,Duplx,Abnorml,642746
1901,2906,3,4,0,1.0,52.0,0,1971,1985,10,4,19692,2906.0,Timber,TwnhsI,Normal,640038
1902,2888,5,1,0,,244.0,1,1928,1944,4,3,12514,1965.0,Veenker,1Fam,Partial,494117
1903,3739,3,1,0,0.0,269.0,1,1934,1936,3,5,14639,2082.0,NoRidge,Duplx,Family,694125
1904,1617,1,3,1,0.0,666.0,3,1991,2008,5,2,19390,1841.0,Crawfor,TwnhsI,Family,440601
1905,1998,5,1,1,1.0,491.0,2,1976,1978,6,4,8534,850.0,Crawfor,2FmCon,Alloca,409385
1906,1601,4,1,1,0.0,636.0,3,1929,1932,5,8,3705,2660.0,Veenker,TwnhsI,Partial,400101
1907,1832,4,2,0,0.0,675.0,3,2007,2012,9,6,17859,102.0,StoneBr,TwnhsI,AdjLand,569068
1908,1225,5,4,1,0.0,422.0,2,2020,2025,1,9,13191,175.0,NAmes,Duplx,Alloca,285128
1909,664,1,3,1,1.0,93.0,0,1977,1979,6,7,9426,1805.0,Gilbert,2FmCon,Normal,250378
1910,4730,5,2,0,1.0,,0,1928,1956,5,4,14763,2513.0,Crawfor,TwnhsE,Family,659043
1911,834,2,1,0,1.0,75.0,0,2015,2039,3,7,2104,2442.0,Gilbert,TwnhsE,Family,250755
1912,4495,5,2,0,0.0,410.0,2,1929,1944,7,8,10328,2033.0,Somerst,Duplx,Family,690435
1913,513,1,3,1,1.0,88.0,0,1953,1964,9,6,6411,1128.0,Timber,1Fam,Normal,275662
1914,3998,3,1,1,0.0,695.0,3,2005,2010,6,7,6831,1079.0,Gilbert,TwnhsE,Family,571391
1915,1977,4,2,0,1.0,81.0,0,1964,1992,1,5,19432,,NWAmes,2FmCon,AdjLand,329429
1916,2829,1,1,1,0.0,678.0,3,1929,1952,1,9,11675,769.0,Blmngtn,1Fam,AdjLand,369155
1917,1769,1,2,1,0.0,447.0,2,1909,1931,5,3,4097,1257.0,CollgCr,1Fam,Abnorml,317812
1918,2707,5,1,1,1.0,24.0,0,1944,1958,7,4,8247,314.0,NoRidge,Duplx,Partial,584989
1919,2532,1,3,1,1.0,,0,1982,1982,4,3,5989,959.0,Blmngtn,1Fam,Partial,373439
1920,2883,4,4,1,0.0,252.0,1,1987,2006,4,1,18318,2823.0,Blmngtn,2FmCon,Family,529463
1921,2269,5,1,0,0.0,281.0,1,1927,1941,9,6,6888,2120.0,ClearCr,2FmCon,Partial,487103
1922,2914,4,3,1,0.0,271.0,1,1919,1927,1,2,8100,425.0,Timber,Duplx,Abnorml,435822
1923,4214,3,3,0,1.0,470.0,2,1986,1995,1,3,7681,858.0,NAmes,TwnhsE,Family,509850
1924,2455,3,4,1,0.0,35.0,0,1919,1920,2,7,4750,778.0,Somerst,Duplx,Abnorml,362849
1925,2126,4,4,0,0.0,42.0,0,1907,1933,10,3,15933,845.0,Veenker,Duplx,Family,464920
1926,1092,3,1,0,0.0,443.0,2,1959,1963,5,8,12163,2073.0,Gilbert,1Fam,Family,315309
1927,2118,3,3,1,0.0,660.0,3,1970,1994,2,1,9584,2685.0,Crawfor,1Fam,Abnorml,445784
1928,1065,1,3,1,1.0,271.0,1,1929,1958,4,5,8825,2130.0,CollgCr,TwnhsI,Alloca,278634
1929,1321,4,1,1,0.0,619.0,3,1925,1926,10,1,13833,1465.0,Blmngtn,TwnhsE,Alloca,430744
1930,4785,4,1,1,1.0,222.0,1,1928,1946,7,1,3274,,Somerst,1Fam,AdjLand,618816
1931,902,4,4,1,1.0,204.0,1,1942,1944,3,8,18737,428.0,StoneBr,Duplx,Alloca,374439
1932,2669,1,2,1,0.0,52.0,0,1901,1925,3,1,11949,2442.0,StoneBr,1Fam,Normal,499149
1933,4254,4,2,1,1.0,266.0,1,1901,1916,1,9,5711,2032.0,NAmes,1Fam,AdjLand,452123
1934,4789,4,2,0,1.0,221.0,1,1945,1945,8,6,11450,1530.0,Crawfor,2FmCon,AdjLand,685487
1935,1160,1,3,1,1.0,471.0,2,1902,1925,2,5,17262,1731.0,ClearCr,TwnhsE,AdjLand,291135
1936,1236,5,1,0,0.0,0.0,0,1939,1961,3,9,4704,2545.0,Veenker,TwnhsE,Family,301777
1937,2176,3,1,1,0.0,86.0,0,1971,1998,4,4,11191,2441.0,Gilbert,TwnhsE,Alloca,380078
1938,2994,3,3,0,1.0,269.0,1,1903,1917,7,4,12556,,Mitchel,1Fam,AdjLand,431910
1939,4819,4,4,0,0.0,68.0,0,1975,2002,7,4,16485,1185.0,NWAmes,1Fam,Partial,634677
1940,1434,3,1,0,0.0,70.0,0,1976,1995,8,6,11996,128.0,CollgCr,Duplx,Partial,324920
1941,1239,3,1,0,1.0,435.0,2,1970,1985,3,8,15123,1154.0,Crawfor,TwnhsI,Normal,322056
1942,1639,2,2,1,0.0,699.0,3,1977,1987,4,5,15811,1910.0,SawyerW,TwnhsE,AdjLand,392744
1943,4434,5,1,1,1.0,474.0,2,1999,2007,4,3,17985,625.0,SawyerW,TwnhsE,Abnorml,550011
1944,635,5,3,1,1.0,18.0,0,1908,1926,1,9,8189,450.0,Somerst,1Fam,Family,211581
1945,2210,1,1,0,0.0,692.0,3,1920,1942,8,6,14521,,NAmes,TwnhsI,Alloca,382467
1946,1035,4,1,0,1.0,473.0,2,1938,1939,6,8,6102,1574.0,SawyerW,TwnhsI,Family,296436
1947,1206,1,1,0,1.0,431.0,2,1984,1996,5,4,17119,2142.0,SawyerW,Duplx,Family,314528
1948,4625,2,4,1,1.0,94.0,0,2007,2008,10,2,19097,42.0,NoRidge,2FmCon,Partial,800000
1949,507,5,4,1,0.0,424.0,2,2012,2023,2,9,6942,743.0,NridgHt,TwnhsE,Partial,345427
1950,1946,1,2,0,1.0,64.0,0,1971,1994,10,7,11882,2339.0,Veenker,TwnhsE,AdjLand,451124
1951,4619,2,2,0,1.0,467.0,2,1950,1970,7,3,16713,2045.0,NWAmes,TwnhsI,Partial,609388
1952,3236,2,3,1,1.0,96.0,0,1950,1953,3,8,2002,2698.0,NridgHt,1Fam,Abnorml,594904
1953,822,4,1,1,0.0,657.0,3,1907,1928,7,1,14542,2444.0,NridgHt,Duplx,Alloca,462793
1954,2592,3,3,0,1.0,,0,1957,1957,8,9,16683,2516.0,NoRidge,TwnhsE,Partial,667924
1955,4869,3,3,0,0.0,428.0,2,1963,1963,4,6,17617,,StoneBr,2FmCon,Family,800000
1956,2302,5,3,1,0.0,80.0,0,1925,1952,4,6,5140,2875.0,Mitchel,TwnhsI,Abnorml,349051
1957,2878,3,1,1,1.0,424.0,2,1994,1994,9,1,15507,1247.0,Gilbert,1Fam,Partial,504006
1958,2893,4,3,1,0.0,299.0,1,1999,2006,2,2,16041,2709.0,Gilbert,1Fam,AdjLand,513209
1959,3472,1,3,1,0.0,676.0,3,1937,1940,1,7,1552,1175.0,Veenker,TwnhsE,Family,498792
1960,1342,2,4,1,1.0,462.0,2,2012,2029,7,6,14545,1332.0,Blmngtn,1Fam,AdjLand,392073
1961,4278,5,1,0,0.0,206.0,1,1913,1928,10,2,13085,2056.0,NWAmes,Duplx,Normal,615440
1962,4948,5,3,1,1.0,49.0,0,2012,2037,6,6,19423,1195.0,Crawfor,2FmCon,Partial,692522
1963,1141,4,3,0,0.0,414.0,2,1994,2023,2,7,2295,441.0,SawyerW,TwnhsE,Family,284668
1964,4182,2,1,0,1.0,291.0,1,1927,1949,6,3,19363,2688.0,CollgCr,1Fam,Abnorml,641675
1965,4176,1,3,0,1.0,37.0,0,1979,1993,3,7,12071,1358.0,Veenker,2FmCon,Partial,587425
1966,3837,5,1,1,0.0,,2,1938,1939,9,9,6576,2780.0,Blmngtn,TwnhsI,Normal,638201
1967,2168,4,3,0,1.0,90.0,0,1998,2025,7,5,8668,1197.0,NAmes,2FmCon,Alloca,365037
1968,2609,2,3,0,0.0,11.0,0,1919,1935,4,3,15679,2918.0,SawyerW,Duplx,Normal,401828
1969,4276,3,1,1,1.0,75.0,0,1930,1936,7,9,19926,1808.0,Crawfor,TwnhsI,Partial,603638
1970,1187,4,1,0,0.0,230.0,1,1937,1953,7,9,7361,2304.0,CollgCr,TwnhsE,Alloca,330185
1971,4229,3,3,1,1.0,10.0,0,1924,1935,7,5,19698,2266.0,NAmes,TwnhsE,Family,590144
1972,4642,5,1,1,1.0,26.0,0,1940,1950,4,4,13140,,NWAmes,TwnhsI,Abnorml,539101
1973,3568,1,2,1,0.0,254.0,1,1974,1987,6,8,5052,2446.0,Crawfor,TwnhsE,Abnorml,525242
1974,2036,2,1,1,0.0,85.0,0,1977,1999,1,1,12558,2834.0,Veenker,TwnhsI,Normal,370445
1975,3016,1,4,1,1.0,,0,1968,1972,5,3,16332,1983.0,Mitchel,Duplx,Partial,461818
1976,725,4,2,1,1.0,223.0,1,1923,1951,4,5,2509,2841.0,NAmes,TwnhsI,Family,258611
1977,4693,4,4,1,1.0,29.0,0,1924,1925,6,6,2959,2538.0,NridgHt,TwnhsE,Abnorml,800000
1978,2040,5,1,0,0.0,630.0,3,2013,2017,10,6,1595,1998.0,NoRidge,2FmCon,Abnorml,616940
1979,756,3,1,0,1.0,273.0,1,1930,1950,10,4,12051,1431.0,NridgHt,Duplx,Partial,392555
1980,4075,1,3,1,0.0,651.0,3,1912,1916,5,8,2568,2571.0,Somerst,2FmCon,Family,628260
1981,3459,3,3,0,1.0,602.0,3,1955,1978,7,6,18743,556.0,StoneBr,2FmCon,AdjLand,720887
1982,3302,1,3,0,1.0,607.0,3,1900,1922,2,5,3866,1683.0,Mitchel,2FmCon,AdjLand,416910
1983,743,4,4,0,1.0,407.0,2,1942,1954,5,9,2824,2447.0,Mitchel,Duplx,Alloca,314414
1984,3878,4,3,1,0.0,296.0,1,2005,2018,7,1,6266,2832.0,StoneBr,2FmCon,Alloca,800000
1985,3367,5,1,1,0.0,450.0,2,1932,1961,7,7,15618,801.0,SawyerW,TwnhsE,AdjLand,490011
1986,4071,2,2,1,1.0,49.0,0,1986,2009,10,9,18278,281.0,StoneBr,2FmCon,AdjLand,732853
1987,4222,2,4,1,0.0,676.0,3,1960,1978,5,6,6143,1000.0,NWAmes,Duplx,AdjLand,553763
1988,1453,1,2,1,,219.0,1,1943,1947,10,6,11094,2591.0,Somerst,1Fam,Abnorml,416006
1989,1447,3,4,1,0.0,3.0,0,1981,1998,10,4,15814,1571.0,NoRidge,2FmCon,Partial,543101
1990,4657,3,2,1,1.0,27.0,0,1973,1974,6,3,16242,166.0,ClearCr,2FmCon,Family,592987
1991,2889,4,1,1,0.0,20.0,0,1939,1946,1,5,4328,358.0,SawyerW,TwnhsI,Normal,295939
1992,2470,4,2,1,1.0,79.0,0,1927,1947,4,9,17008,1017.0,NAmes,Duplx,Alloca,376448
1993,1792,1,3,0,0.0,481.0,2,2012,2024,8,5,17544,1028.0,NridgHt,1Fam,AdjLand,544746
1994,3375,2,3,0,1.0,63.0,0,1920,1949,6,2,15096,405.0,SawyerW,2FmCon,Partial,469221
1995,3892,3,1,0,0.0,690.0,3,2018,2046,10,5,11254,,Veenker,TwnhsE,Normal,670342
1996,510,2,1,1,0.0,246.0,1,1957,1959,9,1,8740,1437.0,ClearCr,1Fam,Alloca,308687
1997,2986,1,3,1,1.0,424.0,2,2022,2048,1,9,17953,597.0,NridgHt,1Fam,Normal,595116
1998,4970,5,4,1,0.0,233.0,1,1943,1968,9,5,17481,696.0,NAmes,2FmCon,AdjLand,602181
1999,1762,4,3,1,0.0,14.0,0,1969,1972,4,2,11087,1993.0,NWAmes,2FmCon,Normal,380594
2000,1764,3,1,0,1.0,90.0,0,1975,1986,9,6,15227,2856.0,Blmngtn,Duplx,Family,440782
